Timestamp,Group,Q1 Rank,Q1 Score,Q2 Rank,Q2 Score,Q3 Rank,Q3 Score,Q4 Rank,Q4 Score
2025-08-25T08:03:03.059891,1,"1,2,3,4",0,"1,2,3,4",0,"1,2,3,4",0,"1,2,3,4",0
2025-08-25T08:03:03.059891,2,"5,6,7,8",0,"5,6,7,8",0,"5,6,7,8",0,"5,6,7,8",0
2025-08-25T08:03:03.059891,3,"9,10,11,12",0,"9,10,11,12",0,"9,10,11,12",0,"9,10,11,12",0
2025-08-25T08:03:03.059891,4,"13,14,15,16",0,"13,14,15,16",0,"13,14,15,16",0,"13,14,15,16",0
2025-08-25T08:03:03.059891,5,"17,18,19,20",0,"17,18,19,20",0,"17,18,19,20",0,"17,18,19,20",0
2025-08-25T08:03:03.059891,6,"21,22,23,24",0,"21,22,23,24",0,"21,22,23,24",0,"21,22,23,24",0
2025-08-25T08:03:03.059891,7,"25,26,27,28",0,"25,26,27,28",0,"25,26,27,28",0,"25,26,27,28",0
2025-08-25T08:03:03.059891,8,"29,30,31,32",0,"29,30,31,32",0,"29,30,31,32",0,"29,30,31,32",0
2025-08-25T08:03:03.059891,9,"33,34,35,36",0,"33,34,35,36",0,"33,34,35,36",0,"33,34,35,36",0
2025-08-25T08:03:03.059891,10,"37,38,39,40",0,"37,38,39,40",0,"37,38,39,40",0,"37,38,39,40",0
2025-08-25T08:03:03.059891,11,"41,42,43,44",0,"41,42,43,44",0,"41,42,43,44",0,"41,42,43,44",0
2025-08-25T08:03:03.059891,12,"45,46,47,48",0,"45,46,47,48",0,"45,46,47,48",0,"45,46,47,48",0
2025-08-25T08:03:03.059891,13,"49,50,51,52",0,"49,50,51,52",0,"49,50,51,52",0,"49,50,51,52",0
2025-08-25T08:03:03.059891,14,"53,54,55,56",0,"53,54,55,56",0,"53,54,55,56",0,"53,54,55,56",0
2025-08-25T08:03:03.059891,15,"57,58,59,60",0,"57,58,59,60",0,"57,58,59,60",0,"57,58,59,60",0
2025-08-25T08:03:03.059891,16,"61,62,63,64",0,"61,62,63,64",0,"61,62,63,64",0,"61,62,63,64",0
2025-08-25T08:03:03.059891,17,"65,66,67,68",0,"65,66,67,68",0,"65,66,67,68",0,"65,66,67,68",0
2025-08-25T08:03:03.059891,18,"69,70,71,72",0,"69,70,71,72",0,"69,70,71,72",0,"69,70,71,72",0
2025-08-25T08:03:03.059891,19,"73,74,75,76",0,"73,74,75,76",0,"73,74,75,76",0,"73,74,75,76",0
2025-08-25T08:03:03.059891,20,"77,78,79,80",0,"77,78,79,80",0,"77,78,79,80",0,"77,78,79,80",0
2025-08-25T08:03:03.059891,21,"81,82,83,84",0,"81,82,83,84",0,"81,82,83,84",0,"81,82,83,84",0
2025-08-25T08:03:03.059891,22,"85,86,87,88",0,"85,86,87,88",0,"85,86,87,88",0,"85,86,87,88",0
2025-08-25T08:03:03.059891,23,"89,90,91,92",0,"89,90,91,92",0,"89,90,91,92",0,"89,90,91,92",0
2025-08-25T08:03:03.059891,24,"93,94,95,96",0,"93,94,95,96",0,"93,94,95,96",0,"93,94,95,96",0
2025-08-25T08:03:03.059891,25,"97,98,99,100",0,"97,98,99,100",0,"97,98,99,100",0,"97,98,99,100",0
2025-08-25T08:03:03.059891,26,"101,102,103,104",0,"101,102,103,104",0,"101,102,103,104",0,"101,102,103,104",0
2025-08-25T08:03:03.059891,27,"105,106,107,108",0,"105,106,107,108",0,"105,106,107,108",0,"105,106,107,108",0
2025-08-25T08:03:03.059891,28,"109,110,111,112",0,"109,110,111,112",0,"109,110,111,112",0,"109,110,111,112",0
2025-08-25T08:03:03.059891,29,"113,114,115,116",0,"113,114,115,116",0,"113,114,115,116",0,"113,114,115,116",0
2025-08-25T08:03:03.059891,30,"117,118,119,120",0,"117,118,119,120",0,"117,118,119,120",0,"117,118,119,120",0
2025-08-25T08:03:03.059891,31,"121,122,123,124",0,"121,122,123,124",0,"121,122,123,124",0,"121,122,123,124",0
2025-08-25T08:03:03.059891,32,"125,126,127,128",0,"125,126,127,128",0,"125,126,127,128",0,"128,127,126,125",5
2025-08-25T08:05:04.041926,1,"4,3,2,1",0,"1,2,3,4",0,"1,2,3,4",0,"1,2,3,4",0
2025-08-25T08:05:04.041926,2,"5,6,7,8",0,"5,6,7,8",0,"5,6,7,8",0,"5,6,7,8",0
2025-08-25T08:05:04.041926,3,"12,11,10,9",0,"9,10,11,12",0,"9,10,11,12",0,"9,10,11,12",0
2025-08-25T08:05:04.041926,4,"13,14,15,16",0,"13,14,15,16",0,"13,14,15,16",0,"13,14,15,16",0
2025-08-25T08:05:04.041926,5,"17,18,19,20",0,"17,18,19,20",0,"17,18,19,20",0,"17,18,19,20",0
2025-08-25T08:05:04.041926,6,"21,22,23,24",0,"21,22,23,24",0,"21,22,23,24",0,"21,22,23,24",0
2025-08-25T08:05:04.041926,7,"25,26,27,28",0,"25,26,27,28",0,"25,26,27,28",0,"25,26,27,28",0
2025-08-25T08:05:04.041926,8,"29,30,31,32",0,"29,30,31,32",0,"29,30,31,32",0,"29,30,31,32",0
2025-08-25T08:05:04.041926,9,"33,34,35,36",0,"33,34,35,36",0,"33,34,35,36",0,"33,34,35,36",0
2025-08-25T08:05:04.041926,10,"37,38,39,40",0,"37,38,39,40",0,"37,38,39,40",0,"37,38,39,40",0
2025-08-25T08:05:04.041926,11,"41,42,43,44",0,"41,42,43,44",0,"41,42,43,44",0,"41,42,43,44",0
2025-08-25T08:05:04.041926,12,"45,46,47,48",0,"45,46,47,48",0,"45,46,47,48",0,"45,46,47,48",0
2025-08-25T08:05:04.041926,13,"49,50,51,52",0,"49,50,51,52",0,"49,50,51,52",0,"49,50,51,52",0
2025-08-25T08:05:04.041926,14,"53,54,55,56",0,"53,54,55,56",0,"53,54,55,56",0,"53,54,55,56",0
2025-08-25T08:05:04.041926,15,"57,58,59,60",0,"57,58,59,60",0,"57,58,59,60",0,"57,58,59,60",0
2025-08-25T08:05:04.041926,16,"61,62,63,64",0,"61,62,63,64",0,"61,62,63,64",0,"61,62,63,64",0
2025-08-25T08:05:04.041926,17,"65,66,67,68",0,"65,66,67,68",0,"65,66,67,68",0,"65,66,67,68",0
2025-08-25T08:05:04.041926,18,"69,70,71,72",0,"69,70,71,72",0,"69,70,71,72",0,"69,70,71,72",0
2025-08-25T08:05:04.041926,19,"73,74,75,76",0,"73,74,75,76",0,"73,74,75,76",0,"73,74,75,76",0
2025-08-25T08:05:04.041926,20,"77,78,79,80",0,"77,78,79,80",0,"77,78,79,80",0,"77,78,79,80",0
2025-08-25T08:05:04.041926,21,"81,82,83,84",0,"81,82,83,84",0,"81,82,83,84",0,"81,82,83,84",0
2025-08-25T08:05:04.041926,22,"85,86,87,88",0,"85,86,87,88",0,"85,86,87,88",0,"85,86,87,88",0
2025-08-25T08:05:04.041926,23,"89,90,91,92",0,"89,90,91,92",0,"89,90,91,92",0,"89,90,91,92",0
2025-08-25T08:05:04.041926,24,"93,94,95,96",0,"93,94,95,96",0,"93,94,95,96",0,"93,94,95,96",0
2025-08-25T08:05:04.041926,25,"97,98,99,100",0,"97,98,99,100",0,"97,98,99,100",0,"97,98,99,100",0
2025-08-25T08:05:04.041926,26,"101,102,103,104",0,"101,102,103,104",0,"101,102,103,104",0,"101,102,103,104",0
2025-08-25T08:05:04.041926,27,"105,106,107,108",0,"105,106,107,108",0,"105,106,107,108",0,"105,106,107,108",0
2025-08-25T08:05:04.041926,28,"109,110,111,112",0,"109,110,111,112",0,"109,110,111,112",0,"109,110,111,112",0
2025-08-25T08:05:04.041926,29,"113,114,115,116",0,"113,114,115,116",0,"113,114,115,116",0,"113,114,115,116",0
2025-08-25T08:05:04.041926,30,"117,118,119,120",0,"117,118,119,120",0,"117,118,119,120",0,"117,118,119,120",0
2025-08-25T08:05:04.041926,31,"121,122,123,124",0,"121,122,123,124",0,"121,122,123,124",0,"121,122,123,124",0
2025-08-25T08:05:04.041926,32,"125,126,127,128",0,"125,126,127,128",0,"125,126,127,128",0,"125,126,127,128",5
2025-08-25T08:12:56.461697,1,"1,2,3,4",0,"1,2,3,4",0,"1,2,3,4",0,"1,2,3,4",0
2025-08-25T08:12:56.461697,2,"5,6,7,8",0,"5,6,7,8",0,"5,6,7,8",0,"5,6,7,8",0
2025-08-25T08:12:56.461697,3,"9,10,11,12",0,"9,10,11,12",0,"9,10,11,12",0,"9,10,11,12",0
2025-08-25T08:12:56.461697,4,"13,14,15,16",0,"13,14,15,16",0,"13,14,15,16",0,"13,14,15,16",0
2025-08-25T08:12:56.461697,5,"17,18,19,20",0,"17,18,19,20",0,"17,18,19,20",0,"17,18,19,20",0
2025-08-25T08:12:56.461697,6,"21,22,23,24",0,"21,22,23,24",0,"21,22,23,24",0,"21,22,23,24",0
2025-08-25T08:12:56.461697,7,"25,26,27,28",0,"25,26,27,28",0,"25,26,27,28",0,"25,26,27,28",0
2025-08-25T08:12:56.461697,8,"29,30,31,32",0,"29,30,31,32",0,"29,30,31,32",0,"29,30,31,32",0
2025-08-25T08:12:56.461697,9,"33,34,35,36",0,"33,34,35,36",0,"33,34,35,36",0,"33,34,35,36",0
2025-08-25T08:12:56.461697,10,"37,38,39,40",0,"37,38,39,40",0,"37,38,39,40",0,"37,38,39,40",0
2025-08-25T08:12:56.461697,11,"41,42,43,44",0,"41,42,43,44",0,"41,42,43,44",0,"41,42,43,44",0
2025-08-25T08:12:56.461697,12,"45,46,47,48",0,"45,46,47,48",0,"45,46,47,48",0,"45,46,47,48",0
2025-08-25T08:12:56.461697,13,"49,50,51,52",0,"49,50,51,52",0,"49,50,51,52",0,"49,50,51,52",0
2025-08-25T08:12:56.461697,14,"53,54,55,56",0,"53,54,55,56",0,"53,54,55,56",0,"53,54,55,56",0
2025-08-25T08:12:56.461697,15,"57,58,59,60",0,"57,58,59,60",0,"57,58,59,60",0,"57,58,59,60",0
2025-08-25T08:12:56.461697,16,"61,62,63,64",0,"61,62,63,64",0,"61,62,63,64",0,"61,62,63,64",0
2025-08-25T08:12:56.461697,17,"65,66,67,68",0,"65,66,67,68",0,"65,66,67,68",0,"65,66,67,68",0
2025-08-25T08:12:56.461697,18,"69,70,71,72",0,"69,70,71,72",0,"69,70,71,72",0,"69,70,71,72",0
2025-08-25T08:12:56.461697,19,"73,74,75,76",0,"73,74,75,76",0,"73,74,75,76",0,"73,74,75,76",0
2025-08-25T08:12:56.461697,20,"77,78,79,80",0,"77,78,79,80",0,"77,78,79,80",0,"77,78,79,80",0
2025-08-25T08:12:56.461697,21,"81,82,83,84",0,"81,82,83,84",0,"81,82,83,84",0,"81,82,83,84",0
2025-08-25T08:12:56.461697,22,"85,86,87,88",0,"85,86,87,88",0,"85,86,87,88",0,"85,86,87,88",0
2025-08-25T08:12:56.461697,23,"89,90,91,92",0,"89,90,91,92",0,"89,90,91,92",0,"89,90,91,92",0
2025-08-25T08:12:56.461697,24,"93,94,95,96",0,"93,94,95,96",0,"93,94,95,96",0,"93,94,95,96",0
2025-08-25T08:12:56.461697,25,"97,98,99,100",0,"97,98,99,100",0,"97,98,99,100",0,"97,98,99,100",0
2025-08-25T08:12:56.461697,26,"101,102,103,104",0,"101,102,103,104",0,"101,102,103,104",0,"101,102,103,104",0
2025-08-25T08:12:56.461697,27,"105,106,107,108",0,"105,106,107,108",0,"105,106,107,108",0,"105,106,107,108",0
2025-08-25T08:12:56.461697,28,"109,110,111,112",0,"109,110,111,112",0,"109,110,111,112",0,"109,110,111,112",0
2025-08-25T08:12:56.461697,29,"113,114,115,116",0,"113,114,115,116",0,"113,114,115,116",0,"113,114,115,116",0
2025-08-25T08:12:56.461697,30,"117,118,119,120",0,"117,118,119,120",0,"117,118,119,120",0,"120,119,118,117",0
2025-08-25T08:12:56.461697,31,"121,122,123,124",0,"121,122,123,124",0,"121,122,123,124",0,"121,122,123,124",0
2025-08-25T08:12:56.461697,32,"125,126,127,128",2,"125,126,127,128",5,"125,126,127,128",2,"128,127,126,125",5
2025-08-25T08:15:25.301793,1,"1,2,3,4",0,"1,2,3,4",0,"1,2,3,4",0,"1,2,3,4",0
2025-08-25T08:15:25.301793,2,"5,6,7,8",0,"5,6,7,8",0,"5,6,7,8",0,"5,6,7,8",0
2025-08-25T08:15:25.301793,3,"9,10,11,12",0,"9,10,11,12",0,"9,10,11,12",0,"9,10,11,12",0
2025-08-25T08:15:25.301793,4,"13,14,15,16",0,"13,14,15,16",0,"13,14,15,16",0,"13,14,15,16",0
2025-08-25T08:15:25.301793,5,"17,18,19,20",0,"17,18,19,20",0,"17,18,19,20",0,"17,18,19,20",0
2025-08-25T08:15:25.301793,6,"21,22,23,24",0,"21,22,23,24",0,"21,22,23,24",0,"21,22,23,24",0
2025-08-25T08:15:25.301793,7,"25,26,27,28",0,"25,26,27,28",0,"25,26,27,28",0,"25,26,27,28",0
2025-08-25T08:15:25.301793,8,"29,30,31,32",0,"29,30,31,32",0,"29,30,31,32",0,"29,30,31,32",0
2025-08-25T08:15:25.301793,9,"33,34,35,36",0,"33,34,35,36",0,"33,34,35,36",0,"33,34,35,36",0
2025-08-25T08:15:25.301793,10,"37,38,39,40",0,"37,38,39,40",0,"37,38,39,40",0,"37,38,39,40",0
2025-08-25T08:15:25.301793,11,"41,42,43,44",0,"41,42,43,44",0,"41,42,43,44",0,"41,42,43,44",0
2025-08-25T08:15:25.301793,12,"45,46,47,48",0,"45,46,47,48",0,"45,46,47,48",0,"45,46,47,48",0
2025-08-25T08:15:25.301793,13,"49,50,51,52",0,"49,50,51,52",0,"49,50,51,52",0,"49,50,51,52",0
2025-08-25T08:15:25.301793,14,"53,54,55,56",0,"53,54,55,56",0,"53,54,55,56",0,"53,54,55,56",0
2025-08-25T08:15:25.301793,15,"57,58,59,60",0,"57,58,59,60",0,"57,58,59,60",0,"57,58,59,60",0
2025-08-25T08:15:25.301793,16,"61,62,63,64",0,"61,62,63,64",0,"61,62,63,64",0,"61,62,63,64",5
2025-08-25T08:15:25.301793,17,"65,66,67,68",0,"65,66,67,68",0,"65,66,67,68",0,"65,66,67,68",0
2025-08-25T08:15:25.301793,18,"69,70,71,72",0,"69,70,71,72",0,"69,70,71,72",0,"69,70,71,72",0
2025-08-25T08:15:25.301793,19,"73,74,75,76",0,"73,74,75,76",0,"73,74,75,76",0,"73,74,75,76",0
2025-08-25T08:15:25.301793,20,"77,78,79,80",0,"77,78,79,80",0,"77,78,79,80",0,"77,78,79,80",0
2025-08-25T08:15:25.301793,21,"81,82,83,84",0,"81,82,83,84",0,"81,82,83,84",0,"81,82,83,84",0
2025-08-25T08:15:25.301793,22,"85,86,87,88",0,"85,86,87,88",0,"85,86,87,88",0,"85,86,87,88",0
2025-08-25T08:15:25.301793,23,"89,90,91,92",0,"89,90,91,92",0,"89,90,91,92",0,"89,90,91,92",0
2025-08-25T08:15:25.301793,24,"93,94,95,96",0,"93,94,95,96",0,"93,94,95,96",0,"93,94,95,96",0
2025-08-25T08:15:25.301793,25,"97,98,99,100",0,"97,98,99,100",0,"97,98,99,100",0,"97,98,99,100",0
2025-08-25T08:15:25.301793,26,"101,102,103,104",0,"101,102,103,104",0,"101,102,103,104",0,"101,102,103,104",0
2025-08-25T08:15:25.301793,27,"105,106,107,108",0,"105,106,107,108",0,"105,106,107,108",0,"105,106,107,108",0
2025-08-25T08:15:25.301793,28,"109,110,111,112",0,"109,110,111,112",0,"109,110,111,112",0,"109,110,111,112",0
2025-08-25T08:15:25.301793,29,"113,114,115,116",0,"113,114,115,116",0,"113,114,115,116",0,"113,114,115,116",0
2025-08-25T08:15:25.301793,30,"117,118,119,120",0,"117,118,119,120",0,"117,118,119,120",0,"117,118,119,120",0
2025-08-25T08:15:25.301793,31,"121,122,123,124",0,"121,122,123,124",0,"121,122,123,124",0,"121,122,123,124",0
2025-08-25T08:15:25.301793,32,"125,126,127,128",0,"125,126,127,128",0,"125,126,127,128",0,"128,127,126,125",5
2025-08-25T08:24:06.804929,1,"1,2,3,4",0,"1,2,3,4",0,"1,2,3,4",0,"1,2,3,4",0
2025-08-25T08:24:06.804929,2,"5,6,7,8",0,"5,6,7,8",0,"5,6,7,8",0,"5,6,7,8",0
2025-08-25T08:24:06.804929,3,"9,10,11,12",0,"9,10,11,12",0,"9,10,11,12",0,"9,10,11,12",0
2025-08-25T08:24:06.804929,4,"13,14,15,16",0,"13,14,15,16",0,"13,14,15,16",0,"13,14,15,16",0
2025-08-25T08:24:06.804929,5,"17,18,19,20",0,"17,18,19,20",0,"17,18,19,20",0,"17,18,19,20",0
2025-08-25T08:24:06.804929,6,"21,22,23,24",0,"21,22,23,24",0,"21,22,23,24",0,"21,22,23,24",0
2025-08-25T08:24:06.804929,7,"25,26,27,28",0,"25,26,27,28",0,"25,26,27,28",0,"25,26,27,28",0
2025-08-25T08:24:06.804929,8,"29,30,31,32",0,"29,30,31,32",0,"29,30,31,32",0,"29,30,31,32",0
2025-08-25T08:24:06.804929,9,"33,34,35,36",0,"33,34,35,36",0,"33,34,35,36",0,"33,34,35,36",0
2025-08-25T08:24:06.804929,10,"37,38,39,40",0,"37,38,39,40",0,"37,38,39,40",0,"37,38,39,40",0
2025-08-25T08:24:06.804929,11,"41,42,43,44",0,"41,42,43,44",0,"41,42,43,44",0,"41,42,43,44",0
2025-08-25T08:24:06.804929,12,"45,46,47,48",0,"45,46,47,48",0,"45,46,47,48",0,"45,46,47,48",0
2025-08-25T08:24:06.804929,13,"49,50,51,52",0,"49,50,51,52",0,"49,50,51,52",0,"49,50,51,52",0
2025-08-25T08:24:06.804929,14,"53,54,55,56",0,"53,54,55,56",0,"53,54,55,56",0,"53,54,55,56",0
2025-08-25T08:24:06.804929,15,"57,58,59,60",0,"57,58,59,60",0,"57,58,59,60",0,"57,58,59,60",0
2025-08-25T08:24:06.804929,16,"61,62,63,64",0,"61,62,63,64",0,"61,62,63,64",0,"61,62,63,64",0
2025-08-25T08:24:06.804929,17,"65,66,67,68",0,"65,66,67,68",0,"65,66,67,68",0,"65,66,67,68",0
2025-08-25T08:24:06.804929,18,"69,70,71,72",0,"69,70,71,72",0,"69,70,71,72",0,"69,70,71,72",0
2025-08-25T08:24:06.804929,19,"73,74,75,76",0,"73,74,75,76",0,"73,74,75,76",0,"73,74,75,76",0
2025-08-25T08:24:06.804929,20,"77,78,79,80",0,"77,78,79,80",0,"77,78,79,80",0,"77,78,79,80",0
2025-08-25T08:24:06.804929,21,"81,82,83,84",0,"81,82,83,84",0,"81,82,83,84",0,"81,82,83,84",0
2025-08-25T08:24:06.804929,22,"85,86,87,88",0,"85,86,87,88",0,"85,86,87,88",0,"85,86,87,88",0
2025-08-25T08:24:06.804929,23,"89,90,91,92",0,"89,90,91,92",0,"89,90,91,92",0,"89,90,91,92",0
2025-08-25T08:24:06.804929,24,"93,94,95,96",0,"93,94,95,96",0,"93,94,95,96",0,"93,94,95,96",0
2025-08-25T08:24:06.804929,25,"97,98,99,100",0,"97,98,99,100",0,"97,98,99,100",0,"97,98,99,100",0
2025-08-25T08:24:06.804929,26,"101,102,103,104",0,"101,102,103,104",0,"101,102,103,104",0,"101,102,103,104",0
2025-08-25T08:24:06.804929,27,"105,106,107,108",0,"105,106,107,108",0,"105,106,107,108",0,"105,106,107,108",0
2025-08-25T08:24:06.804929,28,"109,110,111,112",0,"109,110,111,112",0,"109,110,111,112",0,"109,110,111,112",0
2025-08-25T08:24:06.804929,29,"113,114,115,116",0,"113,114,115,116",0,"113,114,115,116",0,"113,114,115,116",0
2025-08-25T08:24:06.804929,30,"117,118,119,120",0,"117,118,119,120",0,"117,118,119,120",0,"117,118,119,120",0
2025-08-25T08:24:06.804929,31,"121,122,123,124",0,"121,122,123,124",0,"121,122,123,124",0,"121,122,123,124",0
2025-08-25T08:24:06.804929,32,"125,126,127,128",0,"125,126,127,128",0,"125,126,127,128",0,"128,127,126,125",0
2025-08-25T08:36:03.358142,1,"1,2,3,4",0,"1,2,3,4",0,"1,2,3,4",0,"1,2,3,4",0
2025-08-25T08:36:03.358142,2,"5,6,7,8",0,"5,6,7,8",0,"5,6,7,8",0,"5,6,7,8",0
2025-08-25T08:36:03.358142,3,"9,10,11,12",0,"9,10,11,12",0,"9,10,11,12",0,"9,10,11,12",0
2025-08-25T08:36:03.358142,4,"13,14,15,16",0,"13,14,15,16",0,"13,14,15,16",0,"13,14,15,16",0
2025-08-25T08:36:03.358142,5,"17,18,19,20",0,"17,18,19,20",0,"17,18,19,20",0,"17,18,19,20",0
2025-08-25T08:36:03.358142,6,"21,22,23,24",0,"21,22,23,24",0,"21,22,23,24",0,"21,22,23,24",0
2025-08-25T08:36:03.358142,7,"25,26,27,28",0,"25,26,27,28",0,"25,26,27,28",0,"25,26,27,28",0
2025-08-25T08:36:03.358142,8,"29,30,31,32",0,"29,30,31,32",0,"29,30,31,32",0,"29,30,31,32",0
2025-08-25T08:36:03.358142,9,"33,34,35,36",0,"33,34,35,36",0,"33,34,35,36",0,"33,34,35,36",0
2025-08-25T08:36:03.358142,10,"37,38,39,40",0,"37,38,39,40",0,"37,38,39,40",0,"37,38,39,40",0
2025-08-25T08:36:03.358142,11,"41,42,43,44",0,"41,42,43,44",0,"41,42,43,44",0,"41,42,43,44",0
2025-08-25T08:36:03.358142,12,"45,46,47,48",0,"45,46,47,48",0,"45,46,47,48",0,"45,46,47,48",0
2025-08-25T08:36:03.358142,13,"49,50,51,52",0,"49,50,51,52",0,"49,50,51,52",0,"49,50,51,52",0
2025-08-25T08:36:03.358142,14,"53,54,55,56",0,"53,54,55,56",0,"53,54,55,56",0,"53,54,55,56",0
2025-08-25T08:36:03.358142,15,"57,58,59,60",0,"57,58,59,60",0,"57,58,59,60",0,"57,58,59,60",0
2025-08-25T08:36:03.358142,16,"61,62,63,64",0,"61,62,63,64",0,"61,62,63,64",0,"61,62,63,64",0
2025-08-25T08:36:03.358142,17,"65,66,67,68",0,"65,66,67,68",0,"65,66,67,68",0,"65,66,67,68",0
2025-08-25T08:36:03.358142,18,"69,70,71,72",0,"69,70,71,72",0,"69,70,71,72",0,"69,70,71,72",0
2025-08-25T08:36:03.358142,19,"73,74,75,76",0,"73,74,75,76",0,"73,74,75,76",0,"73,74,75,76",0
2025-08-25T08:36:03.358142,20,"77,78,79,80",0,"77,78,79,80",0,"77,78,79,80",0,"77,78,79,80",0
2025-08-25T08:36:03.358142,21,"81,82,83,84",0,"81,82,83,84",0,"81,82,83,84",0,"81,82,83,84",0
2025-08-25T08:36:03.358142,22,"85,86,87,88",0,"85,86,87,88",0,"85,86,87,88",0,"85,86,87,88",0
2025-08-25T08:36:03.358142,23,"89,90,91,92",0,"89,90,91,92",0,"89,90,91,92",0,"89,90,91,92",0
2025-08-25T08:36:03.358142,24,"93,94,95,96",0,"93,94,95,96",0,"93,94,95,96",0,"93,94,95,96",0
2025-08-25T08:36:03.358142,25,"97,98,99,100",0,"97,98,99,100",0,"97,98,99,100",0,"97,98,99,100",0
2025-08-25T08:36:03.358142,26,"101,102,103,104",0,"101,102,103,104",0,"101,102,103,104",0,"101,102,103,104",0
2025-08-25T08:36:03.358142,27,"105,106,107,108",0,"105,106,107,108",0,"105,106,107,108",0,"105,106,107,108",0
2025-08-25T08:36:03.358142,28,"109,110,111,112",0,"109,110,111,112",0,"109,110,111,112",0,"109,110,111,112",0
2025-08-25T08:36:03.358142,29,"113,114,115,116",0,"113,114,115,116",0,"113,114,115,116",0,"113,114,115,116",0
2025-08-25T08:36:03.358142,30,"117,118,119,120",0,"117,118,119,120",0,"117,118,119,120",0,"117,118,119,120",0
2025-08-25T08:36:03.358142,31,"121,122,123,124",0,"121,122,123,124",0,"121,122,123,124",0,"121,122,123,124",0
2025-08-25T08:36:03.358142,32,"125,126,127,128",0,"125,126,127,128",0,"125,126,127,128",0,"128,127,126,125",5
2025-08-25T09:07:44.808736,1,"1,2,3,4",0,"4,2,3,1",0,"4,2,3,1",0,"4,2,3,1",0
2025-08-25T09:07:44.808736,2,"6,8,5,7",0,"6,8,5,7",0,"6,8,5,7",0,"6,8,5,7",0
2025-08-25T09:07:44.808736,3,"9,10,11,12",0,"9,10,11,12",0,"9,10,11,12",0,"9,10,11,12",0
2025-08-25T09:07:44.808736,4,"13,14,16,15",0,"13,14,16,15",0,"13,14,16,15",0,"13,14,16,15",0
2025-08-25T09:07:44.808736,5,"17,19,20,18",0,"17,19,20,18",0,"17,19,20,18",0,"17,19,20,18",0
2025-08-25T09:07:44.808736,6,"21,24,22,23",0,"21,24,22,23",0,"21,24,22,23",0,"21,24,22,23",0
2025-08-25T09:07:44.808736,7,"27,25,28,26",0,"27,25,28,26",0,"27,25,28,26",0,"27,25,28,26",0
2025-08-25T09:07:44.808736,8,"29,30,32,31",0,"29,30,32,31",0,"29,30,32,31",0,"29,30,32,31",0
2025-08-25T09:07:44.808736,9,"33,36,34,35",0,"33,36,34,35",0,"33,36,34,35",0,"33,36,34,35",0
2025-08-25T09:07:44.808736,10,"37,38,39,40",0,"37,38,39,40",0,"37,38,39,40",0,"37,38,39,40",0
2025-08-25T09:07:44.808736,11,"42,41,43,44",0,"42,41,43,44",0,"42,41,43,44",0,"42,41,43,44",0
2025-08-25T09:07:44.808736,12,"45,46,47,48",0,"45,46,47,48",0,"45,46,47,48",0,"45,46,47,48",0
2025-08-25T09:07:44.808736,13,"52,50,49,51",0,"52,50,49,51",0,"52,50,49,51",0,"52,50,49,51",0
2025-08-25T09:07:44.808736,14,"56,55,53,54",0,"56,55,53,54",0,"56,55,53,54",0,"56,55,53,54",0
2025-08-25T09:07:44.808736,15,"58,57,60,59",0,"58,57,60,59",0,"58,57,60,59",0,"58,57,60,59",0
2025-08-25T09:07:44.808736,16,"64,62,61,63",0,"64,62,61,63",0,"64,62,61,63",0,"64,62,61,63",0
2025-08-25T09:07:44.808736,17,"68,66,65,67",0,"68,66,65,67",0,"68,66,65,67",0,"68,66,65,67",0
2025-08-25T09:07:44.808736,18,"71,69,70,72",0,"71,69,70,72",0,"71,69,70,72",0,"71,69,70,72",0
2025-08-25T09:07:44.808736,19,"76,75,73,74",0,"76,75,73,74",0,"76,75,73,74",0,"76,75,73,74",0
2025-08-25T09:07:44.808736,20,"77,78,80,79",0,"77,78,80,79",0,"77,78,80,79",0,"77,78,80,79",0
2025-08-25T09:07:44.808736,21,"84,83,82,81",0,"84,83,82,81",0,"84,83,82,81",0,"84,83,82,81",0
2025-08-25T09:07:44.808736,22,"87,85,88,86",0,"87,85,88,86",0,"87,85,88,86",0,"87,85,88,86",0
2025-08-25T09:07:44.808736,23,"92,91,89,90",0,"92,91,89,90",0,"92,91,89,90",0,"92,91,89,90",0
2025-08-25T09:07:44.808736,24,"94,96,93,95",0,"94,96,93,95",0,"94,96,93,95",0,"94,96,93,95",0
2025-08-25T09:07:44.808736,25,"100,98,97,99",0,"100,98,97,99",0,"100,98,97,99",0,"100,98,97,99",0
2025-08-25T09:07:44.808736,26,"102,101,103,104",0,"102,101,103,104",0,"102,101,103,104",0,"102,101,103,104",0
2025-08-25T09:07:44.808736,27,"108,105,107,106",0,"108,105,107,106",0,"108,105,107,106",0,"108,105,107,106",0
2025-08-25T09:07:44.808736,28,"111,109,112,110",0,"111,109,112,110",0,"111,109,112,110",0,"111,109,112,110",0
2025-08-25T09:07:44.808736,29,"114,116,113,115",0,"114,116,113,115",0,"114,116,113,115",0,"114,116,113,115",0
2025-08-25T09:07:44.808736,30,"120,118,117,119",0,"120,118,117,119",0,"120,118,117,119",0,"120,118,117,119",0
2025-08-25T09:07:44.808736,31,"121,123,122,124",0,"121,123,122,124",0,"121,123,122,124",0,"121,123,122,124",0
2025-08-25T09:07:44.808736,32,"125,126,127,128",0,"125,126,127,128",0,"125,126,127,128",0,"125,126,127,128",0
2025-08-25T09:19:31.064874,1,,5,,0,,0,,0
2025-08-25T09:19:31.064874,2,,0,,0,,0,,0
2025-08-25T09:19:31.064874,3,,0,,0,,0,,0
2025-08-25T09:19:31.064874,4,,0,,0,,0,,0
2025-08-25T09:19:31.064874,5,,0,,0,,0,,0
2025-08-25T09:19:31.064874,6,,0,,0,,0,,0
2025-08-25T09:19:31.064874,7,,0,,0,,0,,0
2025-08-25T09:19:31.064874,8,,0,,0,,0,,0
2025-08-25T09:19:31.064874,9,,0,,0,,0,,0
2025-08-25T09:19:31.064874,10,,0,,0,,0,,0
2025-08-25T09:19:31.064874,11,,0,,0,,0,,0
2025-08-25T09:19:31.064874,12,,0,,0,,0,,0
2025-08-25T09:19:31.064874,13,,0,,0,,0,,0
2025-08-25T09:19:31.064874,14,,0,,0,,0,,0
2025-08-25T09:19:31.064874,15,,0,,0,,0,,0
2025-08-25T09:19:31.064874,16,,0,,0,,0,,0
2025-08-25T09:19:31.064874,17,,0,,0,,0,,0
2025-08-25T09:19:31.064874,18,,0,,0,,0,,0
2025-08-25T09:19:31.064874,19,,0,,0,,0,,0
2025-08-25T09:19:31.064874,20,,0,,0,,0,,0
2025-08-25T09:19:31.064874,21,,0,,0,,0,,0
2025-08-25T09:19:31.064874,22,,0,,0,,0,,0
2025-08-25T09:19:31.064874,23,,0,,0,,0,,0
2025-08-25T09:19:31.064874,24,,0,,0,,0,,0
2025-08-25T09:19:31.064874,25,,0,,0,,0,,0
2025-08-25T09:19:31.064874,26,,0,,0,,0,,0
2025-08-25T09:19:31.064874,27,,0,,0,,0,,0
2025-08-25T09:19:31.064874,28,,0,,0,,0,,0
2025-08-25T09:19:31.064874,29,,0,,0,,0,,0
2025-08-25T09:19:31.064874,30,,0,,0,,0,,0
2025-08-25T09:19:31.064874,31,,0,,0,,0,,0
2025-08-25T09:19:31.064874,32,,0,,0,,0,,0
2025-08-25T09:24:52.379595,1,"4,3,2,1",0,"1,2,3,4",0,"1,2,3,4",0,"1,2,3,4",0
2025-08-25T09:24:52.379595,2,"1,2,3,4",0,"1,2,3,4",0,"1,2,3,4",0,"1,2,3,4",0
2025-08-25T09:24:52.379595,3,"1,2,3,4",0,"1,2,3,4",0,"1,2,3,4",0,"1,2,3,4",0
2025-08-25T09:24:52.379595,4,"1,2,3,4",0,"1,2,3,4",0,"1,2,3,4",0,"1,2,3,4",0
2025-08-25T09:24:52.379595,5,"1,2,3,4",0,"1,2,3,4",0,"1,2,3,4",0,"1,2,3,4",0
2025-08-25T09:24:52.379595,6,"1,2,3,4",0,"1,2,3,4",0,"1,2,3,4",0,"1,2,3,4",0
2025-08-25T09:24:52.379595,7,"1,2,3,4",0,"1,2,3,4",0,"1,2,3,4",0,"1,2,3,4",0
2025-08-25T09:24:52.379595,8,"1,2,3,4",0,"1,2,3,4",0,"1,2,3,4",0,"1,2,3,4",0
2025-08-25T09:24:52.379595,9,"1,2,3,4",0,"1,2,3,4",0,"1,2,3,4",0,"1,2,3,4",0
2025-08-25T09:24:52.379595,10,"1,2,3,4",0,"1,2,3,4",0,"1,2,3,4",0,"1,2,3,4",0
2025-08-25T09:24:52.379595,11,"1,2,3,4",0,"1,2,3,4",0,"1,2,3,4",0,"1,2,3,4",0
2025-08-25T09:24:52.379595,12,"1,2,3,4",0,"1,2,3,4",0,"1,2,3,4",0,"1,2,3,4",0
2025-08-25T09:24:52.379595,13,"1,2,3,4",0,"1,2,3,4",0,"1,2,3,4",0,"1,2,3,4",0
2025-08-25T09:24:52.379595,14,"1,2,3,4",0,"1,2,3,4",0,"1,2,3,4",0,"1,2,3,4",0
2025-08-25T09:24:52.379595,15,"1,2,3,4",0,"1,2,3,4",0,"1,2,3,4",0,"1,2,3,4",0
2025-08-25T09:24:52.379595,16,"1,2,3,4",0,"1,2,3,4",0,"1,2,3,4",0,"1,2,3,4",0
2025-08-25T09:24:52.379595,17,"1,2,3,4",0,"1,2,3,4",0,"1,2,3,4",0,"1,2,3,4",0
2025-08-25T09:24:52.379595,18,"1,2,3,4",0,"1,2,3,4",0,"1,2,3,4",0,"1,2,3,4",0
2025-08-25T09:24:52.379595,19,"1,2,3,4",0,"1,2,3,4",0,"1,2,3,4",0,"1,2,3,4",0
2025-08-25T09:24:52.379595,20,"1,2,3,4",0,"1,2,3,4",0,"1,2,3,4",0,"1,2,3,4",0
2025-08-25T09:24:52.379595,21,"1,2,3,4",0,"1,2,3,4",0,"1,2,3,4",0,"1,2,3,4",0
2025-08-25T09:24:52.379595,22,"1,2,3,4",0,"1,2,3,4",0,"1,2,3,4",0,"1,2,3,4",0
2025-08-25T09:24:52.379595,23,"1,2,3,4",0,"1,2,3,4",0,"1,2,3,4",0,"1,2,3,4",0
2025-08-25T09:24:52.379595,24,"1,2,3,4",0,"1,2,3,4",0,"1,2,3,4",0,"1,2,3,4",0
2025-08-25T09:24:52.379595,25,"1,2,3,4",0,"1,2,3,4",0,"1,2,3,4",0,"1,2,3,4",0
2025-08-25T09:24:52.379595,26,"1,2,3,4",0,"1,2,3,4",0,"1,2,3,4",0,"1,2,3,4",0
2025-08-25T09:24:52.379595,27,"1,2,3,4",0,"1,2,3,4",0,"1,2,3,4",0,"1,2,3,4",0
2025-08-25T09:24:52.379595,28,"1,2,3,4",0,"1,2,3,4",0,"1,2,3,4",0,"1,2,3,4",0
2025-08-25T09:24:52.379595,29,"1,2,3,4",0,"1,2,3,4",0,"1,2,3,4",0,"1,2,3,4",0
2025-08-25T09:24:52.379595,30,"1,2,3,4",0,"1,2,3,4",0,"1,2,3,4",0,"1,2,3,4",0
2025-08-25T09:24:52.379595,31,"1,2,3,4",0,"1,2,3,4",0,"1,2,3,4",0,"1,2,3,4",0
2025-08-25T09:24:52.379595,32,"1,2,3,4",0,"1,2,3,4",0,"1,2,3,4",0,"1,2,3,4",5
2025-08-25T09:27:45.976754,1,"4,1,2,3",5,"1,2,3,4",0,"1,2,3,4",0,"1,2,3,4",0
2025-08-25T09:27:45.976754,2,"1,2,3,4",0,"1,2,3,4",0,"1,2,3,4",0,"1,2,3,4",0
2025-08-25T09:27:45.976754,3,"1,2,3,4",0,"1,2,3,4",0,"1,2,3,4",0,"1,2,3,4",0
2025-08-25T09:27:45.976754,4,"1,2,3,4",0,"1,2,3,4",0,"1,2,3,4",0,"1,2,3,4",0
2025-08-25T09:27:45.976754,5,"1,2,3,4",0,"1,2,3,4",0,"1,2,3,4",0,"1,2,3,4",0
2025-08-25T09:27:45.976754,6,"1,2,3,4",0,"1,2,3,4",0,"1,2,3,4",0,"1,2,3,4",0
2025-08-25T09:27:45.976754,7,"1,2,3,4",0,"1,2,3,4",0,"1,2,3,4",0,"1,2,3,4",0
2025-08-25T09:27:45.976754,8,"1,2,3,4",0,"1,2,3,4",0,"1,2,3,4",0,"1,2,3,4",0
2025-08-25T09:27:45.976754,9,"1,2,3,4",0,"1,2,3,4",0,"1,2,3,4",0,"1,2,3,4",0
2025-08-25T09:27:45.976754,10,"1,2,3,4",0,"1,2,3,4",0,"1,2,3,4",0,"1,2,3,4",0
2025-08-25T09:27:45.976754,11,"1,2,3,4",0,"1,2,3,4",0,"1,2,3,4",0,"1,2,3,4",0
2025-08-25T09:27:45.976754,12,"1,2,3,4",0,"1,2,3,4",0,"1,2,3,4",0,"1,2,3,4",0
2025-08-25T09:27:45.976754,13,"1,2,3,4",0,"1,2,3,4",0,"1,2,3,4",0,"1,2,3,4",0
2025-08-25T09:27:45.976754,14,"1,2,3,4",0,"1,2,3,4",0,"1,2,3,4",0,"1,2,3,4",0
2025-08-25T09:27:45.976754,15,"1,2,3,4",0,"1,2,3,4",0,"1,2,3,4",0,"1,2,3,4",0
2025-08-25T09:27:45.976754,16,"1,2,3,4",0,"1,2,3,4",0,"1,2,3,4",0,"1,2,3,4",0
2025-08-25T09:27:45.976754,17,"1,2,3,4",0,"1,2,3,4",0,"1,2,3,4",0,"1,2,3,4",0
2025-08-25T09:27:45.976754,18,"1,2,3,4",0,"1,2,3,4",0,"1,2,3,4",0,"1,2,3,4",0
2025-08-25T09:27:45.976754,19,"1,2,3,4",0,"1,2,3,4",0,"1,2,3,4",0,"1,2,3,4",0
2025-08-25T09:27:45.976754,20,"1,2,3,4",0,"1,2,3,4",0,"1,2,3,4",0,"1,2,3,4",0
2025-08-25T09:27:45.976754,21,"1,2,3,4",0,"1,2,3,4",0,"1,2,3,4",0,"1,2,3,4",0
2025-08-25T09:27:45.976754,22,"1,2,3,4",0,"1,2,3,4",0,"1,2,3,4",0,"1,2,3,4",0
2025-08-25T09:27:45.976754,23,"1,2,3,4",0,"1,2,3,4",0,"1,2,3,4",0,"1,2,3,4",0
2025-08-25T09:27:45.976754,24,"1,2,3,4",0,"1,2,3,4",0,"1,2,3,4",0,"1,2,3,4",0
2025-08-25T09:27:45.976754,25,"1,2,3,4",0,"1,2,3,4",0,"1,2,3,4",0,"1,2,3,4",0
2025-08-25T09:27:45.976754,26,"1,2,3,4",0,"1,2,3,4",0,"1,2,3,4",0,"1,2,3,4",0
2025-08-25T09:27:45.976754,27,"1,2,3,4",0,"1,2,3,4",0,"1,2,3,4",0,"1,2,3,4",0
2025-08-25T09:27:45.976754,28,"1,2,3,4",0,"1,2,3,4",0,"1,2,3,4",0,"1,2,3,4",0
2025-08-25T09:27:45.976754,29,"1,2,3,4",0,"1,2,3,4",0,"1,2,3,4",0,"1,2,3,4",0
2025-08-25T09:27:45.976754,30,"1,2,3,4",0,"1,2,3,4",0,"1,2,3,4",0,"1,2,3,4",0
2025-08-25T09:27:45.976754,31,"1,2,3,4",0,"1,2,3,4",0,"1,2,3,4",0,"1,2,3,4",0
2025-08-25T09:27:45.976754,32,"1,2,3,4",0,"1,2,3,4",0,"1,2,3,4",0,"1,2,3,4",0
2025-08-26T01:15:30.408744,1,"4,3,2,1",5,"1,2,3,4",0,"1,2,3,4",0,"1,2,3,4",0
2025-08-26T01:15:30.408744,2,"1,2,3,4",0,"1,2,3,4",0,"1,2,3,4",0,"1,2,3,4",0
2025-08-26T01:15:30.408744,3,"1,2,3,4",0,"1,2,3,4",0,"1,2,3,4",0,"1,2,3,4",0
2025-08-26T01:15:30.408744,4,"1,2,3,4",0,"1,2,3,4",0,"1,2,3,4",0,"1,2,3,4",0
2025-08-26T01:15:30.408744,5,"1,2,3,4",0,"1,2,3,4",0,"1,2,3,4",0,"1,2,3,4",0
2025-08-26T01:15:30.408744,6,"1,2,3,4",0,"1,2,3,4",0,"1,2,3,4",0,"1,2,3,4",0
2025-08-26T01:15:30.408744,7,"1,2,3,4",0,"1,2,3,4",0,"1,2,3,4",0,"1,2,3,4",0
2025-08-26T01:15:30.408744,8,"1,2,3,4",0,"1,2,3,4",0,"1,2,3,4",0,"1,2,3,4",0
2025-08-26T01:15:30.408744,9,"1,2,3,4",0,"1,2,3,4",0,"1,2,3,4",0,"1,2,3,4",0
2025-08-26T01:15:30.408744,10,"1,2,3,4",0,"1,2,3,4",0,"1,2,3,4",0,"1,2,3,4",0
2025-08-26T01:15:30.408744,11,"1,2,3,4",0,"1,2,3,4",0,"1,2,3,4",0,"1,2,3,4",0
2025-08-26T01:15:30.408744,12,"1,2,3,4",0,"1,2,3,4",0,"1,2,3,4",0,"1,2,3,4",0
2025-08-26T01:15:30.408744,13,"1,2,3,4",0,"1,2,3,4",0,"1,2,3,4",0,"1,2,3,4",0
2025-08-26T01:15:30.408744,14,"1,2,3,4",0,"1,2,3,4",0,"1,2,3,4",0,"1,2,3,4",0
2025-08-26T01:15:30.408744,15,"1,2,3,4",0,"1,2,3,4",0,"1,2,3,4",0,"1,2,3,4",0
2025-08-26T01:15:30.408744,16,"1,2,3,4",0,"1,2,3,4",0,"1,2,3,4",0,"1,2,3,4",0
2025-08-26T01:15:30.408744,17,"1,2,3,4",0,"1,2,3,4",0,"1,2,3,4",0,"1,2,3,4",0
2025-08-26T01:15:30.408744,18,"1,2,3,4",0,"1,2,3,4",0,"1,2,3,4",0,"1,2,3,4",0
2025-08-26T01:15:30.408744,19,"1,2,3,4",0,"1,2,3,4",0,"1,2,3,4",0,"1,2,3,4",0
2025-08-26T01:15:30.408744,20,"1,2,3,4",0,"1,2,3,4",0,"1,2,3,4",0,"1,2,3,4",0
2025-08-26T01:15:30.408744,21,"1,2,3,4",0,"1,2,3,4",0,"1,2,3,4",0,"1,2,3,4",0
2025-08-26T01:15:30.408744,22,"1,2,3,4",0,"1,2,3,4",0,"1,2,3,4",0,"1,2,3,4",0
2025-08-26T01:15:30.408744,23,"1,2,3,4",0,"1,2,3,4",0,"1,2,3,4",0,"1,2,3,4",0
2025-08-26T01:15:30.408744,24,"1,2,3,4",0,"1,2,3,4",0,"1,2,3,4",0,"1,2,3,4",0
2025-08-26T01:15:30.408744,25,"1,2,3,4",0,"1,2,3,4",0,"1,2,3,4",0,"1,2,3,4",0
2025-08-26T01:15:30.408744,26,"1,2,3,4",0,"1,2,3,4",0,"1,2,3,4",0,"1,2,3,4",0
2025-08-26T01:15:30.408744,27,"1,2,3,4",0,"1,2,3,4",0,"1,2,3,4",0,"1,2,3,4",0
2025-08-26T01:15:30.408744,28,"1,2,3,4",0,"1,2,3,4",0,"1,2,3,4",0,"1,2,3,4",0
2025-08-26T01:15:30.408744,29,"1,2,3,4",0,"1,2,3,4",0,"1,2,3,4",0,"1,2,3,4",0
2025-08-26T01:15:30.408744,30,"1,2,3,4",0,"1,2,3,4",0,"1,2,3,4",0,"1,2,3,4",0
2025-08-26T01:15:30.408744,31,"1,2,3,4",0,"1,2,3,4",0,"1,2,3,4",0,"1,2,3,4",0
2025-08-26T01:15:30.408744,32,"1,2,3,4",0,"1,2,3,4",0,"1,2,3,4",0,"1,2,3,4",0
2025-08-26T01:18:18.887633,1,"4,3,2,1",0,"1,2,3,4",0,"1,2,3,4",0,"1,2,3,4",0
2025-08-26T01:18:18.887633,2,"4,3,2,1",0,"1,2,3,4",0,"1,2,3,4",0,"1,2,3,4",0
2025-08-26T01:18:18.887633,3,"1,2,3,4",0,"1,2,3,4",0,"1,2,3,4",0,"1,2,3,4",0
2025-08-26T01:18:18.887633,4,"1,2,3,4",0,"1,2,3,4",0,"1,2,3,4",0,"1,2,3,4",0
2025-08-26T01:18:18.887633,5,"1,2,3,4",0,"1,2,3,4",0,"1,2,3,4",0,"1,2,3,4",0
2025-08-26T01:18:18.887633,6,"1,2,3,4",0,"1,2,3,4",0,"1,2,3,4",0,"1,2,3,4",0
2025-08-26T01:18:18.887633,7,"1,2,3,4",0,"1,2,3,4",0,"1,2,3,4",0,"1,2,3,4",0
2025-08-26T01:18:18.887633,8,"1,2,3,4",0,"1,2,3,4",0,"1,2,3,4",0,"1,2,3,4",0
2025-08-26T01:18:18.887633,9,"1,2,3,4",0,"1,2,3,4",0,"1,2,3,4",0,"1,2,3,4",0
2025-08-26T01:18:18.887633,10,"1,2,3,4",0,"1,2,3,4",0,"1,2,3,4",0,"1,2,3,4",0
2025-08-26T01:18:18.887633,11,"1,2,3,4",0,"1,2,3,4",0,"1,2,3,4",0,"1,2,3,4",0
2025-08-26T01:18:18.887633,12,"1,2,3,4",0,"1,2,3,4",0,"1,2,3,4",0,"1,2,3,4",0
2025-08-26T01:18:18.887633,13,"1,2,3,4",0,"1,2,3,4",0,"1,2,3,4",0,"1,2,3,4",0
2025-08-26T01:18:18.887633,14,"1,2,3,4",0,"1,2,3,4",0,"1,2,3,4",0,"1,2,3,4",0
2025-08-26T01:18:18.887633,15,"1,2,3,4",0,"1,2,3,4",0,"1,2,3,4",0,"1,2,3,4",0
2025-08-26T01:18:18.887633,16,"1,2,3,4",0,"1,2,3,4",0,"1,2,3,4",0,"1,2,3,4",0
2025-08-26T01:18:18.887633,17,"1,2,3,4",0,"1,2,3,4",0,"1,2,3,4",0,"1,2,3,4",0
2025-08-26T01:18:18.887633,18,"1,2,3,4",0,"1,2,3,4",0,"1,2,3,4",0,"1,2,3,4",0
2025-08-26T01:18:18.887633,19,"1,2,3,4",0,"1,2,3,4",0,"1,2,3,4",0,"1,2,3,4",0
2025-08-26T01:18:18.887633,20,"1,2,3,4",0,"1,2,3,4",0,"1,2,3,4",0,"1,2,3,4",0
2025-08-26T01:18:18.887633,21,"1,2,3,4",0,"1,2,3,4",0,"1,2,3,4",0,"1,2,3,4",0
2025-08-26T01:18:18.887633,22,"1,2,3,4",0,"1,2,3,4",0,"1,2,3,4",0,"1,2,3,4",0
2025-08-26T01:18:18.887633,23,"1,2,3,4",0,"1,2,3,4",0,"1,2,3,4",0,"1,2,3,4",0
2025-08-26T01:18:18.887633,24,"1,2,3,4",0,"1,2,3,4",0,"1,2,3,4",0,"1,2,3,4",0
2025-08-26T01:18:18.887633,25,"1,2,3,4",0,"1,2,3,4",0,"1,2,3,4",0,"1,2,3,4",0
2025-08-26T01:18:18.887633,26,"1,2,3,4",0,"1,2,3,4",0,"1,2,3,4",0,"1,2,3,4",0
2025-08-26T01:18:18.887633,27,"1,2,3,4",0,"1,2,3,4",0,"1,2,3,4",0,"1,2,3,4",0
2025-08-26T01:18:18.887633,28,"1,2,3,4",0,"1,2,3,4",0,"1,2,3,4",0,"1,2,3,4",0
2025-08-26T01:18:18.887633,29,"1,2,3,4",0,"1,2,3,4",0,"1,2,3,4",0,"1,2,3,4",0
2025-08-26T01:18:18.887633,30,"1,2,3,4",0,"1,2,3,4",0,"1,2,3,4",0,"1,2,3,4",0
2025-08-26T01:18:18.887633,31,"1,2,3,4",0,"1,2,3,4",0,"1,2,3,4",0,"1,2,3,4",0
2025-08-26T01:18:18.887633,32,"1,2,3,4",0,"1,2,3,4",0,"1,2,3,4",0,"1,2,3,4",0
2025-08-26T01:38:22.502072,1,"3,2,1,4",0,"1,4,2,3",0,"1,4,2,3",0,"1,4,2,3",0
2025-08-26T01:38:22.502072,2,"8,6,7,5",0,"8,6,7,5",0,"8,6,7,5",0,"8,6,7,5",0
2025-08-26T01:38:22.502072,3,"10,9,12,11",0,"10,9,12,11",0,"10,9,12,11",0,"10,9,12,11",0
2025-08-26T01:38:22.502072,4,"13,14,15,16",0,"13,14,15,16",0,"13,14,15,16",0,"13,14,15,16",0
2025-08-26T01:38:22.502072,5,"18,17,19,20",0,"18,17,19,20",0,"18,17,19,20",0,"18,17,19,20",0
2025-08-26T01:38:22.502072,6,"23,24,21,22",0,"23,24,21,22",0,"23,24,21,22",0,"23,24,21,22",0
2025-08-26T01:38:22.502072,7,"26,28,27,25",0,"26,28,27,25",0,"26,28,27,25",0,"26,28,27,25",0
2025-08-26T01:38:22.502072,8,"32,29,31,30",0,"32,29,31,30",0,"32,29,31,30",0,"32,29,31,30",0
2025-08-26T01:38:22.502072,9,"33,35,36,34",0,"33,35,36,34",0,"33,35,36,34",0,"33,35,36,34",0
2025-08-26T01:38:22.502072,10,"40,38,39,37",0,"40,38,39,37",0,"40,38,39,37",0,"40,38,39,37",0
2025-08-26T01:38:22.502072,11,"44,41,42,43",0,"44,41,42,43",0,"44,41,42,43",0,"44,41,42,43",0
2025-08-26T01:38:22.502072,12,"47,45,48,46",0,"47,45,48,46",0,"47,45,48,46",0,"47,45,48,46",0
2025-08-26T01:38:22.502072,13,"52,50,49,51",0,"52,50,49,51",0,"52,50,49,51",0,"52,50,49,51",0
2025-08-26T01:38:22.502072,14,"56,55,54,53",0,"56,55,54,53",0,"56,55,54,53",0,"56,55,54,53",0
2025-08-26T01:38:22.502072,15,"60,57,59,58",0,"60,57,59,58",0,"60,57,59,58",0,"60,57,59,58",0
2025-08-26T01:38:22.502072,16,"62,64,61,63",0,"62,64,61,63",0,"62,64,61,63",0,"62,64,61,63",0
2025-08-26T01:38:22.502072,17,"68,66,67,65",0,"68,66,67,65",0,"68,66,67,65",0,"68,66,67,65",0
2025-08-26T01:38:22.502072,18,"72,71,70,69",0,"72,71,70,69",0,"72,71,70,69",0,"72,71,70,69",0
2025-08-26T01:38:22.502072,19,"75,76,73,74",0,"75,76,73,74",0,"75,76,73,74",0,"75,76,73,74",0
2025-08-26T01:38:22.502072,20,"77,78,79,80",0,"77,78,79,80",0,"77,78,79,80",0,"77,78,79,80",0
2025-08-26T01:38:22.502072,21,"81,84,82,83",0,"81,84,82,83",0,"81,84,82,83",0,"81,84,82,83",0
2025-08-26T01:38:22.502072,22,"86,85,87,88",0,"86,85,87,88",0,"86,85,87,88",0,"86,85,87,88",0
2025-08-26T01:38:22.502072,23,"90,92,89,91",0,"90,92,89,91",0,"90,92,89,91",0,"90,92,89,91",0
2025-08-26T01:38:22.502072,24,"94,93,95,96",0,"94,93,95,96",0,"94,93,95,96",0,"94,93,95,96",0
2025-08-26T01:38:22.502072,25,"98,100,97,99",0,"98,100,97,99",0,"98,100,97,99",0,"98,100,97,99",0
2025-08-26T01:38:22.502072,26,"104,101,103,102",0,"104,101,103,102",0,"104,101,103,102",0,"104,101,103,102",0
2025-08-26T01:38:22.502072,27,"107,106,108,105",0,"107,106,108,105",0,"107,106,108,105",0,"107,106,108,105",0
2025-08-26T01:38:22.502072,28,"110,111,112,109",0,"110,111,112,109",0,"110,111,112,109",0,"110,111,112,109",0
2025-08-26T01:38:22.502072,29,"116,113,114,115",0,"116,113,114,115",0,"116,113,114,115",0,"116,113,114,115",0
2025-08-26T01:38:22.502072,30,"117,118,119,120",0,"117,118,119,120",0,"117,118,119,120",0,"117,118,119,120",0
2025-08-26T01:38:22.502072,31,"121,124,122,123",0,"121,124,122,123",0,"121,124,122,123",0,"121,124,122,123",0
2025-08-26T01:38:22.502072,32,"127,126,125,128",0,"127,126,125,128",0,"127,126,125,128",0,"127,126,125,128",0
2025-08-26T01:40:50.980205,1,"4,1,2,3",5,"3,2,1,4",5,"3,2,1,4",5,"3,2,1,4",5
2025-08-26T01:40:50.980205,2,"8,6,5,7",0,"8,6,5,7",0,"8,6,5,7",0,"8,6,5,7",0
2025-08-26T01:40:50.980205,3,"10,12,9,11",0,"10,12,9,11",0,"10,12,9,11",0,"10,12,9,11",0
2025-08-26T01:40:50.980205,4,"16,13,15,14",0,"16,13,15,14",0,"16,13,15,14",0,"16,13,15,14",0
2025-08-26T01:40:50.980205,5,"17,19,18,20",0,"17,19,18,20",0,"17,19,18,20",0,"17,19,18,20",0
2025-08-26T01:40:50.980205,6,"24,23,22,21",0,"24,23,22,21",0,"24,23,22,21",0,"24,23,22,21",0
2025-08-26T01:40:50.980205,7,"25,28,26,27",0,"25,28,26,27",0,"25,28,26,27",0,"25,28,26,27",0
2025-08-26T01:40:50.980205,8,"30,29,32,31",0,"30,29,32,31",0,"30,29,32,31",0,"30,29,32,31",0
2025-08-26T01:40:50.980205,9,"33,34,36,35",0,"33,34,36,35",0,"33,34,36,35",0,"33,34,36,35",0
2025-08-26T01:40:50.980205,10,"37,40,38,39",0,"37,40,38,39",0,"37,40,38,39",0,"37,40,38,39",0
2025-08-26T01:40:50.980205,11,"44,42,43,41",0,"44,42,43,41",0,"44,42,43,41",0,"44,42,43,41",0
2025-08-26T01:40:50.980205,12,"46,45,47,48",0,"46,45,47,48",0,"46,45,47,48",0,"46,45,47,48",0
2025-08-26T01:40:50.980205,13,"52,49,51,50",0,"52,49,51,50",0,"52,49,51,50",0,"52,49,51,50",0
2025-08-26T01:40:50.980205,14,"53,54,56,55",0,"53,54,56,55",0,"53,54,56,55",0,"53,54,56,55",0
2025-08-26T01:40:50.980205,15,"58,60,59,57",0,"58,60,59,57",0,"58,60,59,57",0,"58,60,59,57",0
2025-08-26T01:40:50.980205,16,"64,61,63,62",0,"64,61,63,62",0,"64,61,63,62",0,"64,61,63,62",0
2025-08-26T01:40:50.980205,17,"65,67,68,66",0,"65,67,68,66",0,"65,67,68,66",0,"65,67,68,66",0
2025-08-26T01:40:50.980205,18,"71,69,72,70",0,"71,69,72,70",0,"71,69,72,70",0,"71,69,72,70",0
2025-08-26T01:40:50.980205,19,"73,75,74,76",0,"73,75,74,76",0,"73,75,74,76",0,"73,75,74,76",0
2025-08-26T01:40:50.980205,20,"77,78,80,79",0,"77,78,80,79",0,"77,78,80,79",0,"77,78,80,79",0
2025-08-26T01:40:50.980205,21,"82,83,81,84",0,"82,83,81,84",0,"82,83,81,84",0,"82,83,81,84",0
2025-08-26T01:40:50.980205,22,"86,85,88,87",0,"86,85,88,87",0,"86,85,88,87",0,"86,85,88,87",0
2025-08-26T01:40:50.980205,23,"92,89,91,90",0,"92,89,91,90",0,"92,89,91,90",0,"92,89,91,90",0
2025-08-26T01:40:50.980205,24,"94,93,95,96",0,"94,93,95,96",0,"94,93,95,96",0,"94,93,95,96",0
2025-08-26T01:40:50.980205,25,"97,99,98,100",0,"97,99,98,100",0,"97,99,98,100",0,"97,99,98,100",0
2025-08-26T01:40:50.980205,26,"104,103,102,101",0,"104,103,102,101",0,"104,103,102,101",0,"104,103,102,101",0
2025-08-26T01:40:50.980205,27,"106,108,105,107",0,"106,108,105,107",0,"106,108,105,107",0,"106,108,105,107",0
2025-08-26T01:40:50.980205,28,"111,112,110,109",0,"111,112,110,109",0,"111,112,110,109",0,"111,112,110,109",0
2025-08-26T01:40:50.980205,29,"114,113,115,116",0,"114,113,115,116",0,"114,113,115,116",0,"114,113,115,116",0
2025-08-26T01:40:50.980205,30,"118,117,120,119",0,"118,117,120,119",0,"118,117,120,119",0,"118,117,120,119",0
2025-08-26T01:40:50.980205,31,"122,123,124,121",4,"122,123,124,121",5,"122,123,124,121",3,"122,123,124,121",4
2025-08-26T01:40:50.980205,32,"125,126,127,128",5,"125,126,127,128",2,"125,126,127,128",2,"125,126,127,128",5
2025-08-26T04:29:27.265767,1,"1,4,2,3",0,"1,4,2,3",0,"1,4,2,3",0,"1,4,2,3",0
2025-08-26T04:29:27.265767,2,"6,5,7,8",0,"6,5,7,8",0,"6,5,7,8",0,"6,5,7,8",0
2025-08-26T04:29:27.265767,3,"10,9,11,12",0,"10,9,11,12",0,"10,9,11,12",0,"10,9,11,12",0
2025-08-26T04:29:27.265767,4,"14,13,15,16",0,"14,13,15,16",0,"14,13,15,16",0,"14,13,15,16",0
2025-08-26T04:29:27.265767,5,"20,19,17,18",0,"20,19,17,18",0,"20,19,17,18",0,"20,19,17,18",0
2025-08-26T04:29:27.265767,6,"21,22,24,23",0,"21,22,24,23",0,"21,22,24,23",0,"21,22,24,23",0
2025-08-26T04:29:27.265767,7,"25,26,27,28",0,"25,26,27,28",0,"25,26,27,28",0,"25,26,27,28",0
2025-08-26T04:29:27.265767,8,"31,29,30,32",0,"31,29,30,32",0,"31,29,30,32",0,"31,29,30,32",0
2025-08-26T04:29:27.265767,9,"33,36,34,35",0,"33,36,34,35",0,"33,36,34,35",0,"33,36,34,35",0
2025-08-26T04:29:27.265767,10,"38,40,37,39",0,"38,40,37,39",0,"38,40,37,39",0,"38,40,37,39",0
2025-08-26T04:29:27.265767,11,"43,41,44,42",0,"43,41,44,42",0,"43,41,44,42",0,"43,41,44,42",0
2025-08-26T04:29:27.265767,12,"48,45,47,46",0,"48,45,47,46",0,"48,45,47,46",0,"48,45,47,46",0
2025-08-26T04:29:27.265767,13,"49,51,50,52",0,"49,51,50,52",0,"49,51,50,52",0,"49,51,50,52",0
2025-08-26T04:29:27.265767,14,"55,56,53,54",0,"55,56,53,54",0,"55,56,53,54",0,"55,56,53,54",0
2025-08-26T04:29:27.265767,15,"57,58,60,59",0,"57,58,60,59",0,"57,58,60,59",0,"57,58,60,59",0
2025-08-26T04:29:27.265767,16,"61,62,64,63",0,"61,62,64,63",0,"61,62,64,63",0,"61,62,64,63",5
2025-08-26T04:29:27.265767,17,"68,66,65,67",0,"68,66,65,67",0,"68,66,65,67",0,"68,66,65,67",0
2025-08-26T04:29:27.265767,18,"71,70,69,72",0,"71,70,69,72",0,"71,70,69,72",0,"71,70,69,72",0
2025-08-26T04:29:27.265767,19,"76,75,74,73",0,"76,75,74,73",0,"76,75,74,73",0,"76,75,74,73",0
2025-08-26T04:29:27.265767,20,"77,78,79,80",0,"77,78,79,80",0,"77,78,79,80",0,"77,78,79,80",0
2025-08-26T04:29:27.265767,21,"83,84,82,81",0,"83,84,82,81",0,"83,84,82,81",0,"83,84,82,81",0
2025-08-26T04:29:27.265767,22,"88,87,86,85",0,"88,87,86,85",0,"88,87,86,85",0,"88,87,86,85",0
2025-08-26T04:29:27.265767,23,"91,92,89,90",0,"91,92,89,90",0,"91,92,89,90",0,"91,92,89,90",0
2025-08-26T04:29:27.265767,24,"95,93,94,96",0,"95,93,94,96",0,"95,93,94,96",0,"95,93,94,96",0
2025-08-26T04:29:27.265767,25,"98,97,100,99",0,"98,97,100,99",0,"98,97,100,99",0,"98,97,100,99",0
2025-08-26T04:29:27.265767,26,"103,104,101,102",0,"103,104,101,102",0,"103,104,101,102",0,"103,104,101,102",0
2025-08-26T04:29:27.265767,27,"105,107,106,108",0,"105,107,106,108",0,"105,107,106,108",0,"105,107,106,108",0
2025-08-26T04:29:27.265767,28,"111,109,110,112",0,"111,109,110,112",0,"111,109,110,112",0,"111,109,110,112",0
2025-08-26T04:29:27.265767,29,"116,114,113,115",0,"116,114,113,115",0,"116,114,113,115",0,"116,114,113,115",0
2025-08-26T04:29:27.265767,30,"118,120,117,119",0,"118,120,117,119",0,"118,120,117,119",0,"118,120,117,119",0
2025-08-26T04:29:27.265767,31,"124,123,121,122",0,"124,123,121,122",0,"124,123,121,122",0,"124,123,121,122",0
2025-08-26T04:29:27.265767,32,"128,126,127,125",0,"126,128,127,125",0,"127,128,126,125",0,"125,128,126,127",5
2025-08-26T05:44:02.274328,1,"1,2,3,4",5,"4,2,3,1",5,"3,2,4,1",0,"2,3,4,1",0
2025-08-26T05:44:02.274328,2,"6,8,5,7",0,"6,8,5,7",0,"6,8,5,7",0,"6,8,5,7",0
2025-08-26T05:44:02.274328,3,"10,11,9,12",0,"10,11,9,12",0,"10,11,9,12",0,"10,11,9,12",0
2025-08-26T05:44:02.274328,4,"15,13,16,14",0,"15,13,16,14",0,"15,13,16,14",0,"15,13,16,14",0
2025-08-26T05:44:02.274328,5,"17,20,19,18",0,"17,20,19,18",0,"17,20,19,18",0,"18,20,17,19",0
2025-08-26T05:44:02.274328,6,"24,21,22,23",0,"24,21,22,23",0,"24,21,22,23",0,"24,21,22,23",5
2025-08-26T05:44:02.274328,7,"28,25,26,27",0,"28,25,26,27",0,"28,25,26,27",0,"28,25,26,27",0
2025-08-26T05:44:02.274328,8,"30,29,31,32",0,"30,29,31,32",0,"30,29,31,32",0,"30,29,31,32",0
2025-08-26T05:44:02.274328,9,"36,35,33,34",0,"36,35,33,34",0,"36,35,33,34",0,"36,35,33,34",0
2025-08-26T05:44:02.274328,10,"40,39,37,38",0,"40,39,37,38",0,"40,39,37,38",0,"40,39,37,38",0
2025-08-26T05:44:02.274328,11,"43,42,41,44",0,"43,42,41,44",0,"43,42,41,44",0,"43,42,41,44",0
2025-08-26T05:44:02.274328,12,"47,45,46,48",0,"47,45,46,48",0,"47,45,46,48",0,"47,45,46,48",0
2025-08-26T05:44:02.274328,13,"49,50,51,52",0,"49,50,51,52",0,"49,50,51,52",0,"49,50,51,52",0
2025-08-26T05:44:02.274328,14,"53,55,54,56",0,"53,55,54,56",0,"53,55,54,56",5,"53,55,54,56",0
2025-08-26T05:44:02.274328,15,"59,58,57,60",0,"59,58,57,60",0,"59,58,57,60",0,"59,58,57,60",0
2025-08-26T05:44:02.274328,16,"62,63,64,61",0,"62,63,64,61",0,"62,63,64,61",0,"62,63,64,61",0
2025-08-26T05:44:02.274328,17,"66,68,65,67",0,"66,68,65,67",0,"66,68,65,67",0,"66,68,65,67",0
2025-08-26T05:44:02.274328,18,"69,70,72,71",0,"69,70,72,71",0,"69,70,72,71",0,"69,70,72,71",0
2025-08-26T05:44:02.274328,19,"76,73,74,75",0,"76,73,74,75",0,"76,73,74,75",0,"76,73,74,75",0
2025-08-26T05:44:02.274328,20,"79,78,80,77",0,"79,78,80,77",0,"79,78,80,77",0,"79,78,80,77",0
2025-08-26T05:44:02.274328,21,"81,82,83,84",0,"81,82,83,84",0,"81,82,83,84",0,"81,82,83,84",0
2025-08-26T05:44:02.274328,22,"85,88,87,86",0,"85,88,87,86",0,"85,88,87,86",0,"85,88,87,86",0
2025-08-26T05:44:02.274328,23,"89,92,91,90",0,"89,92,91,90",0,"89,92,91,90",0,"89,92,91,90",0
2025-08-26T05:44:02.274328,24,"94,96,93,95",0,"94,96,93,95",0,"94,96,93,95",0,"94,96,93,95",0
2025-08-26T05:44:02.274328,25,"100,98,99,97",0,"100,98,99,97",0,"100,98,99,97",0,"100,98,99,97",0
2025-08-26T05:44:02.274328,26,"103,102,101,104",0,"103,102,101,104",0,"103,102,101,104",0,"103,102,101,104",0
2025-08-26T05:44:02.274328,27,"105,107,106,108",0,"105,107,106,108",0,"105,107,106,108",0,"105,107,106,108",0
2025-08-26T05:44:02.274328,28,"110,109,112,111",0,"110,109,112,111",0,"110,109,112,111",0,"110,109,112,111",0
2025-08-26T05:44:02.274328,29,"113,114,116,115",0,"113,114,116,115",0,"113,114,116,115",0,"113,114,116,115",0
2025-08-26T05:44:02.274328,30,"118,117,120,119",0,"118,117,120,119",0,"118,117,120,119",0,"118,117,120,119",0
2025-08-26T05:44:02.274328,31,"122,124,121,123",0,"122,124,121,123",0,"122,124,121,123",0,"122,124,121,123",0
2025-08-26T05:44:02.274328,32,"127,125,126,128",0,"127,125,128,126",5,"127,125,128,126",0,"127,128,125,126",5
2025-08-26T05:46:51.103625,1,"1,2,3,4",0,"1,2,3,4",0,"1,2,3,4",0,"1,2,3,4",0
2025-08-26T05:46:51.103625,2,"8,6,7,5",4,"8,6,7,5",0,"8,6,7,5",0,"8,6,7,5",0
2025-08-26T05:46:51.103625,3,"12,10,11,9",0,"12,10,11,9",0,"12,10,11,9",0,"12,10,11,9",0
2025-08-26T05:46:51.103625,4,"15,14,16,13",0,"15,14,16,13",0,"15,14,16,13",0,"15,14,16,13",0
2025-08-26T05:46:51.103625,5,"17,19,20,18",0,"17,19,20,18",0,"17,19,20,18",0,"17,19,20,18",0
2025-08-26T05:46:51.103625,6,"24,21,22,23",0,"24,21,22,23",0,"24,21,22,23",0,"24,21,22,23",0
2025-08-26T05:46:51.103625,7,"26,25,27,28",0,"26,25,27,28",0,"26,25,27,28",0,"26,25,27,28",0
2025-08-26T05:46:51.103625,8,"32,30,31,29",0,"32,30,31,29",0,"32,30,31,29",0,"32,30,31,29",0
2025-08-26T05:46:51.103625,9,"33,34,36,35",0,"33,34,36,35",0,"33,34,36,35",0,"33,34,36,35",0
2025-08-26T05:46:51.103625,10,"39,37,40,38",0,"39,37,40,38",0,"39,37,40,38",0,"39,37,40,38",0
2025-08-26T05:46:51.103625,11,"41,42,44,43",0,"41,42,44,43",0,"41,42,44,43",0,"41,42,44,43",0
2025-08-26T05:46:51.103625,12,"48,47,46,45",0,"48,47,46,45",0,"48,47,46,45",0,"48,47,46,45",0
2025-08-26T05:46:51.103625,13,"50,49,52,51",0,"50,49,52,51",0,"50,49,52,51",0,"50,49,52,51",0
2025-08-26T05:46:51.103625,14,"56,54,53,55",0,"56,54,53,55",0,"56,54,53,55",0,"56,54,53,55",0
2025-08-26T05:46:51.103625,15,"58,59,60,57",0,"58,59,60,57",0,"58,59,60,57",0,"58,59,60,57",0
2025-08-26T05:46:51.103625,16,"63,61,64,62",5,"63,61,64,62",0,"63,61,64,62",0,"63,61,64,62",0
2025-08-26T05:46:51.103625,17,"65,66,68,67",0,"65,66,68,67",0,"65,66,68,67",0,"65,66,68,67",0
2025-08-26T05:46:51.103625,18,"70,72,69,71",0,"70,72,69,71",0,"70,72,69,71",0,"70,72,69,71",0
2025-08-26T05:46:51.103625,19,"75,73,74,76",0,"75,73,74,76",0,"75,73,74,76",0,"75,73,74,76",0
2025-08-26T05:46:51.103625,20,"79,77,78,80",0,"79,77,78,80",0,"79,77,78,80",0,"79,77,78,80",0
2025-08-26T05:46:51.103625,21,"83,82,84,81",0,"83,82,84,81",0,"83,82,84,81",0,"83,82,84,81",0
2025-08-26T05:46:51.103625,22,"88,87,85,86",0,"88,87,85,86",0,"88,87,85,86",0,"88,87,85,86",0
2025-08-26T05:46:51.103625,23,"89,90,92,91",0,"89,90,92,91",0,"89,90,92,91",0,"89,90,92,91",0
2025-08-26T05:46:51.103625,24,"94,93,95,96",0,"94,93,95,96",0,"94,93,95,96",0,"94,93,95,96",0
2025-08-26T05:46:51.103625,25,"99,98,100,97",0,"99,98,100,97",0,"99,98,100,97",0,"99,98,100,97",0
2025-08-26T05:46:51.103625,26,"102,103,101,104",0,"102,103,101,104",0,"102,103,101,104",0,"102,103,101,104",0
2025-08-26T05:46:51.103625,27,"105,108,107,106",0,"105,108,107,106",0,"105,108,107,106",0,"105,108,107,106",0
2025-08-26T05:46:51.103625,28,"110,112,109,111",0,"110,112,109,111",0,"110,112,109,111",0,"110,112,109,111",0
2025-08-26T05:46:51.103625,29,"115,114,113,116",0,"115,114,113,116",0,"115,114,113,116",0,"115,114,113,116",0
2025-08-26T05:46:51.103625,30,"120,117,119,118",0,"120,117,119,118",0,"120,117,119,118",0,"120,117,119,118",0
2025-08-26T05:46:51.103625,31,"122,124,121,123",0,"122,124,121,123",0,"122,124,121,123",0,"122,124,121,123",0
2025-08-26T05:46:51.103625,32,"125,128,126,127",5,"125,128,126,127",0,"125,128,126,127",0,"125,128,126,127",0
2025-08-26T06:01:29.244295,1,"2,1,3,4",0,"2,1,3,4",0,"2,1,3,4",0,"2,1,3,4",0
2025-08-26T06:01:29.244295,2,"7,6,8,5",0,"7,6,8,5",0,"7,6,8,5",0,"7,6,8,5",0
2025-08-26T06:01:29.244295,3,"10,11,9,12",0,"10,11,9,12",0,"10,11,9,12",0,"10,11,9,12",0
2025-08-26T06:01:29.244295,4,"16,14,13,15",0,"16,14,13,15",0,"16,14,13,15",0,"16,14,13,15",0
2025-08-26T06:01:29.244295,5,"19,18,17,20",0,"19,18,17,20",0,"19,18,17,20",0,"19,18,17,20",0
2025-08-26T06:01:29.244295,6,"22,21,24,23",0,"22,21,24,23",0,"22,21,24,23",0,"22,21,24,23",0
2025-08-26T06:01:29.244295,7,"26,25,28,27",0,"26,25,28,27",0,"26,25,28,27",0,"26,25,28,27",0
2025-08-26T06:01:29.244295,8,"32,30,29,31",0,"32,30,29,31",0,"32,30,29,31",0,"32,30,29,31",0
2025-08-26T06:01:29.244295,9,"36,34,33,35",0,"36,34,33,35",0,"36,34,33,35",0,"36,34,33,35",0
2025-08-26T06:01:29.244295,10,"37,39,38,40",0,"37,39,38,40",0,"37,39,38,40",0,"37,39,38,40",0
2025-08-26T06:01:29.244295,11,"42,44,41,43",0,"42,44,41,43",0,"42,44,41,43",0,"42,44,41,43",0
2025-08-26T06:01:29.244295,12,"45,46,48,47",0,"45,46,48,47",0,"45,46,48,47",0,"45,46,48,47",0
2025-08-26T06:01:29.244295,13,"49,50,51,52",0,"49,50,51,52",0,"49,50,51,52",0,"49,50,51,52",0
2025-08-26T06:01:29.244295,14,"56,54,53,55",0,"56,54,53,55",0,"56,54,53,55",0,"56,54,53,55",0
2025-08-26T06:01:29.244295,15,"58,60,57,59",0,"58,60,57,59",0,"58,60,57,59",0,"58,60,57,59",0
2025-08-26T06:01:29.244295,16,"61,64,62,63",0,"61,64,62,63",0,"61,64,62,63",0,"61,64,62,63",0
2025-08-26T06:01:29.244295,17,"65,66,67,68",0,"65,66,67,68",0,"65,66,67,68",0,"65,66,67,68",0
2025-08-26T06:01:29.244295,18,"70,72,69,71",0,"70,72,69,71",0,"70,72,69,71",0,"70,72,69,71",0
2025-08-26T06:01:29.244295,19,"73,74,76,75",0,"73,74,76,75",0,"73,74,76,75",0,"73,74,76,75",0
2025-08-26T06:01:29.244295,20,"78,77,79,80",0,"78,77,79,80",0,"78,77,79,80",0,"78,77,79,80",0
2025-08-26T06:01:29.244295,21,"82,81,84,83",0,"82,81,84,83",0,"82,81,84,83",0,"82,81,84,83",0
2025-08-26T06:01:29.244295,22,"86,88,85,87",0,"86,88,85,87",0,"86,88,85,87",0,"86,88,85,87",0
2025-08-26T06:01:29.244295,23,"92,89,90,91",0,"92,89,90,91",0,"92,89,90,91",0,"92,89,90,91",0
2025-08-26T06:01:29.244295,24,"96,93,94,95",0,"96,93,94,95",0,"96,93,94,95",0,"96,93,94,95",0
2025-08-26T06:01:29.244295,25,"99,98,100,97",0,"99,98,100,97",0,"99,98,100,97",0,"99,98,100,97",0
2025-08-26T06:01:29.244295,26,"101,102,103,104",0,"101,102,103,104",0,"101,102,103,104",0,"101,102,103,104",0
2025-08-26T06:01:29.244295,27,"108,105,106,107",0,"108,105,106,107",0,"108,105,106,107",0,"108,105,106,107",0
2025-08-26T06:01:29.244295,28,"112,109,110,111",0,"112,109,110,111",0,"112,109,110,111",0,"112,109,110,111",0
2025-08-26T06:01:29.244295,29,"115,113,114,116",0,"115,113,114,116",0,"115,113,114,116",0,"115,113,114,116",0
2025-08-26T06:01:29.244295,30,"118,120,119,117",0,"118,120,119,117",0,"118,120,119,117",0,"118,120,119,117",0
2025-08-26T06:01:29.244295,31,"122,121,123,124",0,"122,121,123,124",0,"122,121,123,124",0,"122,121,123,124",0
2025-08-26T06:01:29.244295,32,"127,126,125,128",0,"127,126,125,128",0,"127,126,125,128",0,"127,126,125,128",0
2025-08-26T13:06:18.155852,1,,0,,0,,0,,0
2025-08-26T13:06:18.155852,2,,0,,0,,0,,0
2025-08-26T13:06:18.155852,3,,0,,0,,0,,0
2025-08-26T13:06:18.155852,4,,0,,0,,0,,0
2025-08-26T13:06:18.155852,5,,0,,0,,0,,0
2025-08-26T13:06:18.155852,6,,0,,0,,0,,0
2025-08-26T13:06:18.155852,7,,0,,0,,0,,0
2025-08-26T13:06:18.155852,8,,0,,0,,0,,0
2025-08-26T13:06:18.155852,9,,0,,0,,0,,0
2025-08-26T13:06:18.155852,10,,0,,0,,0,,0
2025-08-26T13:06:18.155852,11,,0,,0,,0,,0
2025-08-26T13:06:18.155852,12,,0,,0,,0,,0
2025-08-26T13:06:18.155852,13,,0,,0,,0,,0
2025-08-26T13:06:18.155852,14,,0,,0,,0,,0
2025-08-26T13:06:18.155852,15,,0,,0,,0,,0
2025-08-26T13:06:18.155852,16,,0,,0,,0,,0
2025-08-26T13:06:18.155852,17,,0,,0,,0,,0
2025-08-26T13:06:18.155852,18,,0,,0,,0,,0
2025-08-26T13:06:18.155852,19,,0,,0,,0,,0
2025-08-26T13:06:18.155852,20,,0,,0,,0,,0
2025-08-26T13:06:18.155852,21,,0,,0,,0,,0
2025-08-26T13:06:18.155852,22,,0,,0,,0,,0
2025-08-26T13:06:18.155852,23,,0,,0,,0,,0
2025-08-26T13:06:18.155852,24,,0,,0,,0,,0
2025-08-26T13:06:18.155852,25,,0,,0,,0,,0
2025-08-26T13:06:18.155852,26,,0,,0,,0,,0
2025-08-26T13:06:18.155852,27,,0,,0,,0,,0
2025-08-26T13:06:18.155852,28,,0,,0,,0,,0
2025-08-26T13:06:18.155852,29,,0,,0,,0,,0
2025-08-26T13:06:18.155852,30,,0,,0,,0,,0
2025-08-26T13:06:18.155852,31,,0,,0,,0,,0
2025-08-26T13:06:18.155852,32,,4,,5,,4,,5
2025-08-26T13:26:03.615955,1,,,,,,,,
2025-08-26T13:26:03.615955,2,,,,,,,,
2025-08-26T13:26:03.615955,3,,,,,,,,
2025-08-26T13:26:03.615955,4,,,,,,,,
2025-08-26T13:26:03.615955,5,,,,,,,,
2025-08-26T13:26:03.615955,6,,,,,,,,
2025-08-26T13:26:03.615955,7,,,,,,,,
2025-08-26T13:26:03.615955,8,,,,,,,,
2025-08-26T13:26:03.615955,9,,,,,,,,
2025-08-26T13:26:03.615955,10,,,,,,,,
2025-08-26T13:26:03.615955,11,,,,,,,,
2025-08-26T13:26:03.615955,12,,,,,,,,
2025-08-26T13:26:03.615955,13,,,,,,,,
2025-08-26T13:26:03.615955,14,,,,,,,,
2025-08-26T13:26:03.615955,15,,,,,,,,
2025-08-26T13:26:03.615955,16,,,,,,,,
2025-08-26T13:26:03.615955,17,,,,,,,,
2025-08-26T13:26:03.615955,18,,,,,,,,
2025-08-26T13:26:03.615955,19,,,,,,,,
2025-08-26T13:26:03.615955,20,,,,,,,,
2025-08-26T13:26:03.615955,21,,,,,,,,
2025-08-26T13:26:03.615955,22,,,,,,,,
2025-08-26T13:26:03.615955,23,,,,,,,,
2025-08-26T13:26:03.615955,24,,,,,,,,
2025-08-26T13:26:03.615955,25,,,,,,,,
2025-08-26T13:26:03.615955,26,,,,,,,,
2025-08-26T13:26:03.615955,27,,,,,,,,
2025-08-26T13:26:03.615955,28,,,,,,,,
2025-08-26T13:26:03.615955,29,,,,,,,,
2025-08-26T13:26:03.615955,30,,,,,,,,
2025-08-26T13:26:03.615955,31,,,,,,,,
2025-08-26T13:26:03.615955,32,,,,,,,,
2025-08-26T13:28:03.658394,1,,0,,0,,0,,0
2025-08-26T13:28:03.658394,2,,0,,0,,0,,0
2025-08-26T13:28:03.658394,3,,0,,0,,0,,0
2025-08-26T13:28:03.658394,4,,0,,0,,0,,0
2025-08-26T13:28:03.658394,5,,0,,0,,0,,0
2025-08-26T13:28:03.658394,6,,0,,0,,0,,0
2025-08-26T13:28:03.658394,7,,0,,0,,0,,0
2025-08-26T13:28:03.658394,8,,0,,0,,0,,0
2025-08-26T13:28:03.658394,9,,0,,0,,0,,0
2025-08-26T13:28:03.658394,10,,0,,0,,0,,0
2025-08-26T13:28:03.658394,11,,0,,0,,0,,0
2025-08-26T13:28:03.658394,12,,0,,0,,0,,0
2025-08-26T13:28:03.658394,13,,0,,0,,0,,0
2025-08-26T13:28:03.658394,14,,0,,0,,0,,0
2025-08-26T13:28:03.658394,15,,0,,0,,0,,0
2025-08-26T13:28:03.658394,16,,0,,0,,0,,5
2025-08-26T13:28:03.658394,17,,0,,0,,0,,0
2025-08-26T13:28:03.658394,18,,0,,0,,0,,0
2025-08-26T13:28:03.658394,19,,0,,0,,0,,0
2025-08-26T13:28:03.658394,20,,0,,0,,0,,0
2025-08-26T13:28:03.658394,21,,0,,0,,0,,0
2025-08-26T13:28:03.658394,22,,0,,0,,0,,0
2025-08-26T13:28:03.658394,23,,0,,0,,0,,0
2025-08-26T13:28:03.658394,24,,0,,0,,0,,0
2025-08-26T13:28:03.658394,25,,0,,0,,0,,0
2025-08-26T13:28:03.658394,26,,0,,0,,0,,0
2025-08-26T13:28:03.658394,27,,0,,0,,0,,0
2025-08-26T13:28:03.658394,28,,0,,0,,0,,0
2025-08-26T13:28:03.658394,29,,0,,0,,0,,0
2025-08-26T13:28:03.658394,30,,0,,0,,0,,0
2025-08-26T13:28:03.658394,31,,0,,0,,0,,0
2025-08-26T13:28:03.658394,32,,0,,0,,0,,5
2025-08-26T15:42:01.322302,1,,0,,0,,0,,0
2025-08-26T15:42:01.322302,2,,0,,0,,0,,0
2025-08-26T15:42:01.322302,3,,0,,0,,0,,0
2025-08-26T15:42:01.322302,4,,0,,0,,0,,0
2025-08-26T15:42:01.322302,5,,0,,0,,0,,0
2025-08-26T15:42:01.322302,6,,0,,0,,0,,0
2025-08-26T15:42:01.322302,7,,0,,0,,0,,0
2025-08-26T15:42:01.322302,8,,0,,0,,0,,0
2025-08-26T15:42:01.322302,9,,0,,0,,0,,0
2025-08-26T15:42:01.322302,10,,0,,0,,0,,0
2025-08-26T15:42:01.322302,11,,0,,0,,0,,0
2025-08-26T15:42:01.322302,12,,0,,0,,0,,0
2025-08-26T15:42:01.322302,13,,0,,0,,0,,0
2025-08-26T15:42:01.322302,14,,0,,0,,0,,0
2025-08-26T15:42:01.322302,15,,0,,0,,0,,0
2025-08-26T15:42:01.322302,16,,0,,0,,0,,0
2025-08-26T15:42:01.322302,17,,0,,0,,0,,0
2025-08-26T15:42:01.322302,18,,0,,0,,0,,0
2025-08-26T15:42:01.322302,19,,0,,0,,0,,0
2025-08-26T15:42:01.322302,20,,0,,0,,0,,0
2025-08-26T15:42:01.322302,21,,0,,0,,0,,0
2025-08-26T15:42:01.322302,22,,0,,0,,0,,0
2025-08-26T15:42:01.322302,23,,0,,0,,0,,0
2025-08-26T15:42:01.322302,24,,0,,0,,0,,0
2025-08-26T15:42:01.322302,25,,0,,0,,0,,0
2025-08-26T15:42:01.322302,26,,0,,0,,0,,0
2025-08-26T15:42:01.322302,27,,0,,0,,0,,0
2025-08-26T15:42:01.322302,28,,0,,0,,0,,0
2025-08-26T15:42:01.322302,29,,0,,0,,0,,0
2025-08-26T15:42:01.322302,30,,0,,0,,0,,0
2025-08-26T15:42:01.322302,31,,0,,0,,0,,0
2025-08-26T15:42:01.322302,32,,0,,0,,0,,5
2025-08-26T15:46:06.715496,1,,0,,0,,0,,0
2025-08-26T15:46:06.715496,2,,0,,0,,0,,0
2025-08-26T15:46:06.715496,3,,0,,0,,0,,0
2025-08-26T15:46:06.715496,4,,0,,0,,0,,0
2025-08-26T15:46:06.715496,5,,0,,0,,0,,0
2025-08-26T15:46:06.715496,6,,0,,0,,0,,0
2025-08-26T15:46:06.715496,7,,0,,0,,0,,0
2025-08-26T15:46:06.715496,8,,0,,0,,0,,0
2025-08-26T15:46:06.715496,9,,0,,0,,0,,0
2025-08-26T15:46:06.715496,10,,0,,0,,0,,0
2025-08-26T15:46:06.715496,11,,0,,0,,0,,0
2025-08-26T15:46:06.715496,12,,0,,0,,0,,0
2025-08-26T15:46:06.715496,13,,0,,0,,0,,0
2025-08-26T15:46:06.715496,14,,0,,0,,0,,0
2025-08-26T15:46:06.715496,15,,0,,0,,0,,0
2025-08-26T15:46:06.715496,16,,0,,0,,0,,0
2025-08-26T15:46:06.715496,17,,0,,0,,0,,0
2025-08-26T15:46:06.715496,18,,0,,0,,0,,0
2025-08-26T15:46:06.715496,19,,0,,0,,0,,0
2025-08-26T15:46:06.715496,20,,0,,0,,0,,0
2025-08-26T15:46:06.715496,21,,0,,0,,0,,0
2025-08-26T15:46:06.715496,22,,0,,0,,0,,0
2025-08-26T15:46:06.715496,23,,0,,0,,0,,0
2025-08-26T15:46:06.715496,24,,0,,0,,0,,0
2025-08-26T15:46:06.715496,25,,0,,0,,0,,0
2025-08-26T15:46:06.715496,26,,0,,0,,0,,0
2025-08-26T15:46:06.715496,27,,0,,0,,0,,0
2025-08-26T15:46:06.715496,28,,0,,0,,0,,0
2025-08-26T15:46:06.715496,29,,0,,0,,0,,0
2025-08-26T15:46:06.715496,30,,0,,0,,0,,0
2025-08-26T15:46:06.715496,31,,0,,0,,0,,0
2025-08-26T15:46:06.715496,32,,0,,0,,0,,5
2025-08-26T15:58:13.582933,1,,0,,0,,0,,0
2025-08-26T15:58:13.582933,2,,0,,0,,0,,0
2025-08-26T15:58:13.582933,3,,0,,0,,0,,0
2025-08-26T15:58:13.582933,4,,0,,0,,0,,0
2025-08-26T15:58:13.582933,5,,0,,0,,0,,0
2025-08-26T15:58:13.582933,6,,0,,0,,0,,0
2025-08-26T15:58:13.582933,7,,0,,0,,0,,0
2025-08-26T15:58:13.582933,8,,0,,0,,0,,0
2025-08-26T15:58:13.582933,9,,0,,0,,0,,0
2025-08-26T15:58:13.582933,10,,0,,0,,0,,0
2025-08-26T15:58:13.582933,11,,0,,0,,0,,0
2025-08-26T15:58:13.582933,12,,0,,0,,0,,0
2025-08-26T15:58:13.582933,13,,0,,0,,0,,0
2025-08-26T15:58:13.582933,14,,0,,0,,0,,0
2025-08-26T15:58:13.582933,15,,0,,0,,0,,0
2025-08-26T15:58:13.582933,16,,0,,0,,0,,0
2025-08-26T15:58:13.582933,17,,0,,0,,0,,0
2025-08-26T15:58:13.582933,18,,0,,0,,0,,0
2025-08-26T15:58:13.582933,19,,0,,0,,0,,0
2025-08-26T15:58:13.582933,20,,0,,0,,0,,0
2025-08-26T15:58:13.582933,21,,0,,0,,0,,0
2025-08-26T15:58:13.582933,22,,0,,0,,0,,0
2025-08-26T15:58:13.582933,23,,0,,0,,0,,0
2025-08-26T15:58:13.582933,24,,0,,0,,0,,0
2025-08-26T15:58:13.582933,25,,0,,0,,0,,0
2025-08-26T15:58:13.582933,26,,0,,0,,0,,0
2025-08-26T15:58:13.582933,27,,0,,0,,0,,0
2025-08-26T15:58:13.582933,28,,0,,0,,0,,0
2025-08-26T15:58:13.582933,29,,0,,0,,0,,0
2025-08-26T15:58:13.582933,30,,0,,0,,0,,0
2025-08-26T15:58:13.582933,31,,0,,0,,0,,0
2025-08-26T15:58:13.582933,32,,0,,0,,4,,4
2025-08-26T16:03:00.969987,1,,0,,0,,0,,0
2025-08-26T16:03:00.969987,2,,0,,0,,0,,0
2025-08-26T16:03:00.969987,3,,0,,0,,0,,0
2025-08-26T16:03:00.969987,4,,0,,0,,0,,0
2025-08-26T16:03:00.969987,5,,0,,0,,0,,0
2025-08-26T16:03:00.969987,6,,0,,0,,0,,0
2025-08-26T16:03:00.969987,7,,0,,0,,0,,0
2025-08-26T16:03:00.969987,8,,0,,0,,0,,0
2025-08-26T16:03:00.969987,9,,0,,0,,0,,0
2025-08-26T16:03:00.969987,10,,0,,0,,0,,0
2025-08-26T16:03:00.969987,11,,0,,0,,0,,0
2025-08-26T16:03:00.969987,12,,0,,0,,0,,0
2025-08-26T16:03:00.969987,13,,0,,0,,0,,0
2025-08-26T16:03:00.969987,14,,0,,0,,0,,0
2025-08-26T16:03:00.969987,15,,0,,0,,0,,0
2025-08-26T16:03:00.969987,16,,0,,0,,0,,5
2025-08-26T16:03:00.969987,17,,0,,0,,0,,0
2025-08-26T16:03:00.969987,18,,0,,0,,0,,0
2025-08-26T16:03:00.969987,19,,0,,0,,0,,0
2025-08-26T16:03:00.969987,20,,0,,0,,0,,0
2025-08-26T16:03:00.969987,21,,0,,0,,0,,0
2025-08-26T16:03:00.969987,22,,0,,0,,0,,0
2025-08-26T16:03:00.969987,23,,0,,0,,0,,0
2025-08-26T16:03:00.969987,24,,0,,0,,0,,0
2025-08-26T16:03:00.969987,25,,0,,0,,0,,0
2025-08-26T16:03:00.969987,26,,0,,0,,0,,0
2025-08-26T16:03:00.969987,27,,0,,0,,0,,0
2025-08-26T16:03:00.969987,28,,0,,0,,0,,0
2025-08-26T16:03:00.969987,29,,0,,0,,0,,0
2025-08-26T16:03:00.969987,30,,0,,0,,0,,0
2025-08-26T16:03:00.969987,31,,0,,0,,0,,0
2025-08-26T16:03:00.969987,32,,0,,0,,2,,4
2025-08-26T16:06:54.370369,1,,0,,0,,0,,0
2025-08-26T16:06:54.370369,2,,0,,0,,0,,0
2025-08-26T16:06:54.370369,3,,0,,0,,0,,0
2025-08-26T16:06:54.370369,4,,0,,0,,0,,0
2025-08-26T16:06:54.370369,5,,0,,0,,0,,0
2025-08-26T16:06:54.370369,6,,0,,0,,0,,0
2025-08-26T16:06:54.370369,7,,0,,0,,0,,0
2025-08-26T16:06:54.370369,8,,0,,0,,0,,0
2025-08-26T16:06:54.370369,9,,0,,0,,0,,0
2025-08-26T16:06:54.370369,10,,0,,0,,0,,0
2025-08-26T16:06:54.370369,11,,0,,0,,0,,0
2025-08-26T16:06:54.370369,12,,0,,0,,0,,0
2025-08-26T16:06:54.370369,13,,0,,0,,0,,0
2025-08-26T16:06:54.370369,14,,0,,0,,0,,0
2025-08-26T16:06:54.370369,15,,0,,0,,0,,0
2025-08-26T16:06:54.370369,16,,0,,0,,0,,0
2025-08-26T16:06:54.370369,17,,0,,0,,0,,0
2025-08-26T16:06:54.370369,18,,0,,0,,0,,0
2025-08-26T16:06:54.370369,19,,0,,0,,0,,0
2025-08-26T16:06:54.370369,20,,0,,0,,0,,0
2025-08-26T16:06:54.370369,21,,0,,0,,0,,0
2025-08-26T16:06:54.370369,22,,0,,0,,0,,0
2025-08-26T16:06:54.370369,23,,0,,0,,0,,0
2025-08-26T16:06:54.370369,24,,0,,0,,0,,0
2025-08-26T16:06:54.370369,25,,0,,0,,0,,0
2025-08-26T16:06:54.370369,26,,0,,0,,0,,0
2025-08-26T16:06:54.370369,27,,0,,0,,0,,0
2025-08-26T16:06:54.370369,28,,0,,0,,0,,0
2025-08-26T16:06:54.370369,29,,0,,0,,0,,0
2025-08-26T16:06:54.370369,30,,0,,0,,0,,0
2025-08-26T16:06:54.370369,31,,0,,0,,0,,0
2025-08-26T16:06:54.370369,32,,0,,0,,0,,0
2025-08-26T16:46:28.674920,1,,0,,0,,0,,0
2025-08-26T16:46:28.674920,2,,0,,0,,0,,0
2025-08-26T16:46:28.674920,3,,0,,0,,0,,0
2025-08-26T16:46:28.674920,4,,0,,0,,0,,0
2025-08-26T16:46:28.674920,5,,0,,0,,0,,0
2025-08-26T16:46:28.674920,6,,0,,0,,0,,0
2025-08-26T16:46:28.674920,7,,0,,0,,0,,0
2025-08-26T16:46:28.674920,8,,0,,0,,0,,0
2025-08-26T16:46:28.674920,9,,0,,0,,0,,0
2025-08-26T16:46:28.674920,10,,0,,0,,0,,0
2025-08-26T16:46:28.674920,11,,0,,0,,0,,0
2025-08-26T16:46:28.674920,12,,0,,0,,0,,0
2025-08-26T16:46:28.674920,13,,0,,0,,0,,0
2025-08-26T16:46:28.674920,14,,0,,0,,0,,0
2025-08-26T16:46:28.674920,15,,0,,0,,0,,0
2025-08-26T16:46:28.674920,16,,0,,0,,0,,0
2025-08-26T16:46:28.674920,17,,0,,0,,0,,0
2025-08-26T16:46:28.674920,18,,0,,0,,0,,0
2025-08-26T16:46:28.674920,19,,0,,0,,0,,0
2025-08-26T16:46:28.674920,20,,0,,0,,0,,0
2025-08-26T16:46:28.674920,21,,0,,0,,0,,0
2025-08-26T16:46:28.674920,22,,0,,0,,0,,0
2025-08-26T16:46:28.674920,23,,0,,0,,0,,0
2025-08-26T16:46:28.674920,24,,0,,0,,0,,0
2025-08-26T16:46:28.674920,25,,0,,0,,0,,0
2025-08-26T16:46:28.674920,26,,0,,0,,0,,0
2025-08-26T16:46:28.674920,27,,0,,0,,0,,0
2025-08-26T16:46:28.674920,28,,0,,0,,0,,0
2025-08-26T16:46:28.674920,29,,0,,0,,0,,0
2025-08-26T16:46:28.674920,30,,0,,0,,0,,0
2025-08-26T16:46:28.674920,31,,0,,0,,0,,0
2025-08-26T16:46:28.674920,32,,4,,2,,5,,5
2025-08-26T16:50:09.911590,1,,0,,0,,0,,0
2025-08-26T16:50:09.911590,2,,0,,0,,0,,0
2025-08-26T16:50:09.911590,3,,0,,0,,0,,0
2025-08-26T16:50:09.911590,4,,0,,0,,0,,0
2025-08-26T16:50:09.911590,5,,0,,0,,0,,0
2025-08-26T16:50:09.911590,6,,0,,0,,0,,0
2025-08-26T16:50:09.911590,7,,0,,0,,0,,0
2025-08-26T16:50:09.911590,8,,0,,0,,0,,0
2025-08-26T16:50:09.911590,9,,0,,0,,0,,0
2025-08-26T16:50:09.911590,10,,0,,0,,0,,0
2025-08-26T16:50:09.911590,11,,0,,0,,0,,0
2025-08-26T16:50:09.911590,12,,0,,0,,0,,0
2025-08-26T16:50:09.911590,13,,0,,0,,0,,0
2025-08-26T16:50:09.911590,14,,0,,0,,0,,0
2025-08-26T16:50:09.911590,15,,0,,0,,0,,0
2025-08-26T16:50:09.911590,16,,0,,0,,0,,0
2025-08-26T16:50:09.911590,17,,0,,0,,0,,0
2025-08-26T16:50:09.911590,18,,0,,0,,0,,0
2025-08-26T16:50:09.911590,19,,0,,0,,0,,0
2025-08-26T16:50:09.911590,20,,0,,0,,0,,0
2025-08-26T16:50:09.911590,21,,0,,0,,0,,0
2025-08-26T16:50:09.911590,22,,0,,0,,0,,0
2025-08-26T16:50:09.911590,23,,0,,0,,0,,0
2025-08-26T16:50:09.911590,24,,0,,0,,0,,0
2025-08-26T16:50:09.911590,25,,0,,0,,0,,0
2025-08-26T16:50:09.911590,26,,0,,0,,0,,0
2025-08-26T16:50:09.911590,27,,0,,0,,0,,0
2025-08-26T16:50:09.911590,28,,0,,0,,0,,0
2025-08-26T16:50:09.911590,29,,0,,0,,0,,0
2025-08-26T16:50:09.911590,30,,0,,0,,0,,0
2025-08-26T16:50:09.911590,31,,0,,0,,0,,0
2025-08-26T16:50:09.911590,32,,0,,0,,0,,0
2025-08-26T16:59:02.837896,1,"1,1,1,1",0,"1,1,1,2",0,"1,2,1,2",0,"1,2,2,2",0
2025-08-26T16:59:02.837896,2,"4,1,2,3",0,"None,None,None,None",0,"None,None,None,None",0,"None,None,None,None",0
2025-08-26T16:59:02.837896,3,"None,None,None,None",0,"None,None,None,None",0,"None,None,None,None",0,"None,None,None,None",0
2025-08-26T16:59:02.837896,4,"None,None,None,None",0,"None,None,None,None",0,"None,None,None,None",0,"None,None,None,None",0
2025-08-26T16:59:02.837896,5,"None,None,None,None",0,"None,None,None,None",0,"None,None,None,None",0,"None,None,None,None",0
2025-08-26T16:59:02.837896,6,"None,None,None,None",0,"None,None,None,None",0,"None,None,None,None",0,"None,None,None,None",0
2025-08-26T16:59:02.837896,7,"None,None,None,None",0,"None,None,None,None",0,"None,None,None,None",0,"None,None,None,None",0
2025-08-26T16:59:02.837896,8,"None,None,None,None",0,"None,None,None,None",0,"None,None,None,None",0,"None,None,None,None",0
2025-08-26T16:59:02.837896,9,"None,None,None,None",0,"None,None,None,None",0,"None,None,None,None",0,"None,None,None,None",0
2025-08-26T16:59:02.837896,10,"None,None,None,None",0,"None,None,None,None",0,"None,None,None,None",0,"None,None,None,None",0
2025-08-26T16:59:02.837896,11,"None,None,None,None",0,"None,None,None,None",0,"None,None,None,None",0,"None,None,None,None",0
2025-08-26T16:59:02.837896,12,"None,None,None,None",0,"None,None,None,None",0,"None,None,None,None",0,"None,None,None,None",0
2025-08-26T16:59:02.837896,13,"None,None,None,None",0,"None,None,None,None",0,"None,None,None,None",0,"None,None,None,None",0
2025-08-26T16:59:02.837896,14,"None,None,None,None",0,"None,None,None,None",0,"None,None,None,None",0,"None,None,None,None",0
2025-08-26T16:59:02.837896,15,"None,None,None,None",0,"None,None,None,None",0,"None,None,None,None",0,"None,None,None,None",0
2025-08-26T16:59:02.837896,16,"None,None,None,None",0,"None,None,None,None",0,"None,None,None,None",0,"None,None,None,None",0
2025-08-26T16:59:02.837896,17,"None,None,None,None",0,"None,None,None,None",0,"None,None,None,None",0,"None,None,None,None",0
2025-08-26T16:59:02.837896,18,"None,None,None,None",0,"None,None,None,None",0,"None,None,None,None",0,"None,None,None,None",0
2025-08-26T16:59:02.837896,19,"None,None,None,None",0,"None,None,None,None",0,"None,None,None,None",0,"None,None,None,None",0
2025-08-26T16:59:02.837896,20,"None,None,None,None",0,"None,None,None,None",0,"None,None,None,None",0,"None,None,None,None",0
2025-08-26T16:59:02.837896,21,"None,None,None,None",0,"None,None,None,None",0,"None,None,None,None",0,"None,None,None,None",0
2025-08-26T16:59:02.837896,22,"None,None,None,None",0,"None,None,None,None",0,"None,None,None,None",0,"None,None,None,None",0
2025-08-26T16:59:02.837896,23,"None,None,None,None",0,"None,None,None,None",0,"None,None,None,None",0,"None,None,None,None",0
2025-08-26T16:59:02.837896,24,"None,None,None,None",0,"None,None,None,None",0,"None,None,None,None",0,"None,None,None,None",0
2025-08-26T16:59:02.837896,25,"None,None,None,None",0,"None,None,None,None",0,"None,None,None,None",0,"None,None,None,None",0
2025-08-26T16:59:02.837896,26,"None,None,None,None",0,"None,None,None,None",0,"None,None,None,None",0,"None,None,None,None",0
2025-08-26T16:59:02.837896,27,"None,None,None,None",0,"None,None,None,None",0,"None,None,None,None",0,"None,None,None,None",0
2025-08-26T16:59:02.837896,28,"None,None,None,None",0,"None,None,None,None",0,"None,None,None,None",0,"None,None,None,None",0
2025-08-26T16:59:02.837896,29,"None,None,None,None",0,"None,None,None,None",0,"None,None,None,None",0,"None,None,None,None",0
2025-08-26T16:59:02.837896,30,"None,None,None,None",0,"None,None,None,None",0,"None,None,None,None",0,"None,None,None,None",0
2025-08-26T16:59:02.837896,31,"None,None,None,None",0,"None,None,None,None",0,"None,None,None,None",0,"None,None,None,None",0
2025-08-26T16:59:02.837896,32,"None,None,None,None",0,"None,None,None,None",0,"None,None,None,None",0,"None,None,None,None",0
2025-08-26T17:07:44.511771,1,"2,1,3,4",0,"2,1,3,4",0,"2,1,3,4",0,"2,1,3,4",0
2025-08-26T17:07:44.511771,2,"None,None,None,None",0,"None,None,None,None",0,"None,None,None,None",0,"None,None,None,None",0
2025-08-26T17:07:44.511771,3,"None,None,None,None",0,"None,None,None,None",0,"None,None,None,None",0,"None,None,None,None",0
2025-08-26T17:07:44.511771,4,"None,None,None,None",0,"None,None,None,None",0,"None,None,None,None",0,"None,None,None,None",0
2025-08-26T17:07:44.511771,5,"None,None,None,None",0,"None,None,None,None",0,"None,None,None,None",0,"None,None,None,None",0
2025-08-26T17:07:44.511771,6,"None,None,None,None",0,"None,None,None,None",0,"None,None,None,None",0,"None,None,None,None",0
2025-08-26T17:07:44.511771,7,"None,None,None,None",0,"None,None,None,None",0,"None,None,None,None",0,"None,None,None,None",0
2025-08-26T17:07:44.511771,8,"None,None,None,None",0,"None,None,None,None",0,"None,None,None,None",0,"None,None,None,None",0
2025-08-26T17:07:44.511771,9,"None,None,None,None",0,"None,None,None,None",0,"None,None,None,None",0,"None,None,None,None",0
2025-08-26T17:07:44.511771,10,"None,None,None,None",0,"None,None,None,None",0,"None,None,None,None",0,"None,None,None,None",0
2025-08-26T17:07:44.511771,11,"None,None,None,None",0,"None,None,None,None",0,"None,None,None,None",0,"None,None,None,None",0
2025-08-26T17:07:44.511771,12,"None,None,None,None",0,"None,None,None,None",0,"None,None,None,None",0,"None,None,None,None",0
2025-08-26T17:07:44.511771,13,"None,None,None,None",0,"None,None,None,None",0,"None,None,None,None",0,"None,None,None,None",0
2025-08-26T17:07:44.511771,14,"None,None,None,None",0,"None,None,None,None",0,"None,None,None,None",0,"None,None,None,None",0
2025-08-26T17:07:44.511771,15,"None,None,None,None",0,"None,None,None,None",0,"None,None,None,None",0,"None,None,None,None",0
2025-08-26T17:07:44.511771,16,"None,None,None,None",0,"None,None,None,None",0,"None,None,None,None",0,"None,None,None,None",0
2025-08-26T17:07:44.511771,17,"None,None,None,None",0,"None,None,None,None",0,"None,None,None,None",0,"None,None,None,None",0
2025-08-26T17:07:44.511771,18,"None,None,None,None",0,"None,None,None,None",0,"None,None,None,None",0,"None,None,None,None",0
2025-08-26T17:07:44.511771,19,"None,None,None,None",0,"None,None,None,None",0,"None,None,None,None",0,"None,None,None,None",0
2025-08-26T17:07:44.511771,20,"None,None,None,None",0,"None,None,None,None",0,"None,None,None,None",0,"None,None,None,None",0
2025-08-26T17:07:44.511771,21,"None,None,None,None",0,"None,None,None,None",0,"None,None,None,None",0,"None,None,None,None",0
2025-08-26T17:07:44.511771,22,"None,None,None,None",0,"None,None,None,None",0,"None,None,None,None",0,"None,None,None,None",0
2025-08-26T17:07:44.511771,23,"None,None,None,None",0,"None,None,None,None",0,"None,None,None,None",0,"None,None,None,None",0
2025-08-26T17:07:44.511771,24,"None,None,None,None",0,"None,None,None,None",0,"None,None,None,None",0,"None,None,None,None",0
2025-08-26T17:07:44.511771,25,"None,None,None,None",0,"None,None,None,None",0,"None,None,None,None",0,"None,None,None,None",0
2025-08-26T17:07:44.511771,26,"None,None,None,None",0,"None,None,None,None",0,"None,None,None,None",0,"None,None,None,None",0
2025-08-26T17:07:44.511771,27,"None,None,None,None",0,"None,None,None,None",0,"None,None,None,None",0,"None,None,None,None",0
2025-08-26T17:07:44.511771,28,"None,None,None,None",0,"None,None,None,None",0,"None,None,None,None",0,"None,None,None,None",0
2025-08-26T17:07:44.511771,29,"None,None,None,None",0,"None,None,None,None",0,"None,None,None,None",0,"None,None,None,None",0
2025-08-26T17:07:44.511771,30,"None,None,None,None",0,"None,None,None,None",0,"None,None,None,None",0,"None,None,None,None",0
2025-08-26T17:07:44.511771,31,"3,1,2,4",2,"None,None,None,None",2,"None,None,None,None",2,"None,None,None,None",2
2025-08-26T17:07:44.511771,32,"None,None,None,None",3,"None,None,None,None",3,"3,2,4,1",3,"None,None,None,None",3
2025-08-26T17:25:25.368401,1,"None,None,None,None",0,"None,None,None,None",0,"None,None,None,None",0,"None,None,None,None",0
2025-08-26T17:25:25.368401,2,"None,None,None,None",0,"None,None,None,None",0,"None,None,None,None",0,"None,None,None,None",0
2025-08-26T17:25:25.368401,3,"None,None,None,None",0,"None,None,None,None",0,"None,None,None,None",0,"None,None,None,None",0
2025-08-26T17:25:25.368401,4,"None,None,None,None",0,"None,None,None,None",0,"None,None,None,None",0,"None,None,None,None",0
2025-08-26T17:25:25.368401,5,"None,None,None,None",0,"None,None,None,None",0,"None,None,None,None",0,"None,None,None,None",0
2025-08-26T17:25:25.368401,6,"None,None,None,None",0,"None,None,None,None",0,"None,None,None,None",0,"None,None,None,None",0
2025-08-26T17:25:25.368401,7,"None,None,None,None",0,"None,None,None,None",0,"None,None,None,None",0,"None,None,None,None",0
2025-08-26T17:25:25.368401,8,"None,None,None,None",0,"None,None,None,None",0,"None,None,None,None",0,"None,None,None,None",0
2025-08-26T17:25:25.368401,9,"None,None,None,None",0,"None,None,None,None",0,"None,None,None,None",0,"None,None,None,None",0
2025-08-26T17:25:25.368401,10,"None,None,None,None",0,"None,None,None,None",0,"None,None,None,None",0,"None,None,None,None",0
2025-08-26T17:25:25.368401,11,"None,None,None,None",0,"None,None,None,None",0,"None,None,None,None",0,"None,None,None,None",0
2025-08-26T17:25:25.368401,12,"None,None,None,None",0,"None,None,None,None",0,"None,None,None,None",0,"None,None,None,None",0
2025-08-26T17:25:25.368401,13,"None,None,None,None",0,"None,None,None,None",0,"None,None,None,None",0,"None,None,None,None",0
2025-08-26T17:25:25.368401,14,"None,None,None,None",0,"None,None,None,None",0,"None,None,None,None",0,"None,None,None,None",0
2025-08-26T17:25:25.368401,15,"None,None,None,None",0,"None,None,None,None",0,"None,None,None,None",0,"None,None,None,None",0
2025-08-26T17:25:25.368401,16,"None,None,None,None",5,"None,None,None,None",4,"None,None,None,None",3,"None,None,None,None",2
2025-08-26T17:25:25.368401,17,"None,None,None,None",0,"None,None,None,None",0,"None,None,None,None",0,"None,None,None,None",0
2025-08-26T17:25:25.368401,18,"None,None,None,None",0,"None,None,None,None",0,"None,None,None,None",0,"None,None,None,None",0
2025-08-26T17:25:25.368401,19,"None,None,None,None",0,"None,None,None,None",0,"None,None,None,None",0,"None,None,None,None",0
2025-08-26T17:25:25.368401,20,"None,None,None,None",0,"None,None,None,None",0,"None,None,None,None",0,"None,None,None,None",0
2025-08-26T17:25:25.368401,21,"None,None,None,None",0,"None,None,None,None",0,"None,None,None,None",0,"None,None,None,None",0
2025-08-26T17:25:25.368401,22,"None,None,None,None",0,"None,None,None,None",0,"None,None,None,None",0,"None,None,None,None",0
2025-08-26T17:25:25.368401,23,"None,None,None,None",0,"None,None,None,None",0,"None,None,None,None",0,"None,None,None,None",0
2025-08-26T17:25:25.368401,24,"None,None,None,None",0,"None,None,None,None",0,"None,None,None,None",0,"None,None,None,None",0
2025-08-26T17:25:25.368401,25,"None,None,None,None",0,"None,None,None,None",0,"None,None,None,None",0,"None,None,None,None",0
2025-08-26T17:25:25.368401,26,"None,None,None,None",0,"None,None,None,None",0,"None,None,None,None",0,"None,None,None,None",0
2025-08-26T17:25:25.368401,27,"None,None,None,None",0,"None,None,None,None",0,"None,None,None,None",0,"None,None,None,None",0
2025-08-26T17:25:25.368401,28,"None,None,None,None",0,"None,None,None,None",0,"None,None,None,None",0,"None,None,None,None",0
2025-08-26T17:25:25.368401,29,"None,None,None,None",0,"None,None,None,None",0,"None,None,None,None",0,"None,None,None,None",0
2025-08-26T17:25:25.368401,30,"None,None,None,None",0,"None,None,None,None",0,"None,None,None,None",0,"None,None,None,None",0
2025-08-26T17:25:25.368401,31,"None,None,None,None",0,"None,None,None,None",0,"None,None,None,None",0,"None,None,None,None",0
2025-08-26T17:25:25.368401,32,"2,1,3,4",0,"None,None,None,None",2,"None,None,None,None",3,"None,None,None,None",4
2025-08-26T17:48:24.229645,1,"None,None,None,None",0,"None,None,None,None",0,"None,None,None,None",0,"None,None,None,None",0
2025-08-26T17:48:24.229645,2,"None,None,None,None",0,"None,None,None,None",0,"None,None,None,None",0,"None,None,None,None",0
2025-08-26T17:48:24.229645,3,"None,None,None,None",0,"None,None,None,None",0,"None,None,None,None",0,"None,None,None,None",0
2025-08-26T17:48:24.229645,4,"None,None,None,None",0,"None,None,None,None",0,"None,None,None,None",0,"None,None,None,None",0
2025-08-26T17:48:24.229645,5,"None,None,None,None",0,"None,None,None,None",0,"None,None,None,None",0,"None,None,None,None",0
2025-08-26T17:48:24.229645,6,"None,None,None,None",0,"None,None,None,None",0,"None,None,None,None",0,"None,None,None,None",0
2025-08-26T17:48:24.229645,7,"None,None,None,None",0,"None,None,None,None",0,"None,None,None,None",0,"None,None,None,None",0
2025-08-26T17:48:24.229645,8,"None,None,None,None",0,"None,None,None,None",0,"None,None,None,None",0,"None,None,None,None",0
2025-08-26T17:48:24.229645,9,"None,None,None,None",0,"None,None,None,None",0,"None,None,None,None",0,"None,None,None,None",0
2025-08-26T17:48:24.229645,10,"None,None,None,None",0,"None,None,None,None",0,"None,None,None,None",0,"None,None,None,None",0
2025-08-26T17:48:24.229645,11,"None,None,None,None",0,"None,None,None,None",0,"None,None,None,None",0,"None,None,None,None",0
2025-08-26T17:48:24.229645,12,"None,None,None,None",0,"None,None,None,None",0,"None,None,None,None",0,"None,None,None,None",0
2025-08-26T17:48:24.229645,13,"None,None,None,None",0,"None,None,None,None",0,"None,None,None,None",0,"None,None,None,None",0
2025-08-26T17:48:24.229645,14,"None,None,None,None",0,"None,None,None,None",0,"None,None,None,None",0,"None,None,None,None",0
2025-08-26T17:48:24.229645,15,"None,None,None,None",0,"None,None,None,None",0,"None,None,None,None",0,"None,None,None,None",0
2025-08-26T17:48:24.229645,16,"None,None,None,None",0,"None,None,None,None",0,"None,None,None,None",0,"None,None,None,None",0
2025-08-26T17:48:24.229645,17,"None,None,None,None",0,"None,None,None,None",0,"None,None,None,None",0,"None,None,None,None",0
2025-08-26T17:48:24.229645,18,"None,None,None,None",0,"None,None,None,None",0,"None,None,None,None",0,"None,None,None,None",0
2025-08-26T17:48:24.229645,19,"None,None,None,None",0,"None,None,None,None",0,"None,None,None,None",0,"None,None,None,None",0
2025-08-26T17:48:24.229645,20,"None,None,None,None",0,"None,None,None,None",0,"None,None,None,None",0,"None,None,None,None",0
2025-08-26T17:48:24.229645,21,"None,None,None,None",0,"None,None,None,None",0,"None,None,None,None",0,"None,None,None,None",0
2025-08-26T17:48:24.229645,22,"None,None,None,None",0,"None,None,None,None",0,"None,None,None,None",0,"None,None,None,None",0
2025-08-26T17:48:24.229645,23,"None,None,None,None",0,"None,None,None,None",0,"None,None,None,None",0,"None,None,None,None",0
2025-08-26T17:48:24.229645,24,"None,None,None,None",0,"None,None,None,None",0,"None,None,None,None",0,"None,None,None,None",0
2025-08-26T17:48:24.229645,25,"None,None,None,None",0,"None,None,None,None",0,"None,None,None,None",0,"None,None,None,None",0
2025-08-26T17:48:24.229645,26,"None,None,None,None",0,"None,None,None,None",0,"None,None,None,None",0,"None,None,None,None",0
2025-08-26T17:48:24.229645,27,"None,None,None,None",0,"None,None,None,None",0,"None,None,None,None",0,"None,None,None,None",0
2025-08-26T17:48:24.229645,28,"None,None,None,None",0,"None,None,None,None",0,"None,None,None,None",0,"None,None,None,None",0
2025-08-26T17:48:24.229645,29,"None,None,None,None",0,"None,None,None,None",0,"None,None,None,None",0,"None,None,None,None",0
2025-08-26T17:48:24.229645,30,"None,None,None,None",0,"None,None,None,None",0,"None,None,None,None",0,"None,None,None,None",0
2025-08-26T17:48:24.229645,31,"None,None,None,None",0,"None,None,None,None",0,"None,None,None,None",0,"None,None,None,None",0
2025-08-26T17:48:24.229645,32,"None,None,None,None",0,"None,None,None,None",0,"None,None,None,None",0,"None,None,None,None",0
2025-08-26T17:52:40.691165,1,"None,None,None,None",0,"None,None,None,None",0,"None,None,None,None",0,"None,None,None,None",0
2025-08-26T17:52:40.691165,2,"None,None,None,None",0,"None,None,None,None",0,"None,None,None,None",0,"None,None,None,None",0
2025-08-26T17:52:40.691165,3,"None,None,None,None",0,"None,None,None,None",0,"None,None,None,None",0,"None,None,None,None",0
2025-08-26T17:52:40.691165,4,"None,None,None,None",0,"None,None,None,None",0,"None,None,None,None",0,"None,None,None,None",0
2025-08-26T17:52:40.691165,5,"None,None,None,None",0,"None,None,None,None",0,"None,None,None,None",0,"None,None,None,None",0
2025-08-26T17:52:40.691165,6,"None,None,None,None",0,"None,None,None,None",0,"None,None,None,None",0,"None,None,None,None",0
2025-08-26T17:52:40.691165,7,"None,None,None,None",0,"None,None,None,None",0,"None,None,None,None",0,"None,None,None,None",0
2025-08-26T17:52:40.691165,8,"None,None,None,None",0,"None,None,None,None",0,"None,None,None,None",0,"None,None,None,None",0
2025-08-26T17:52:40.691165,9,"None,None,None,None",0,"None,None,None,None",0,"None,None,None,None",0,"None,None,None,None",0
2025-08-26T17:52:40.691165,10,"None,None,None,None",0,"None,None,None,None",0,"None,None,None,None",0,"None,None,None,None",0
2025-08-26T17:52:40.691165,11,"None,None,None,None",0,"None,None,None,None",0,"None,None,None,None",0,"None,None,None,None",0
2025-08-26T17:52:40.691165,12,"None,None,None,None",0,"None,None,None,None",0,"None,None,None,None",0,"None,None,None,None",0
2025-08-26T17:52:40.691165,13,"None,None,None,None",0,"None,None,None,None",0,"None,None,None,None",0,"None,None,None,None",0
2025-08-26T17:52:40.691165,14,"None,None,None,None",0,"None,None,None,None",0,"None,None,None,None",0,"None,None,None,None",0
2025-08-26T17:52:40.691165,15,"None,None,None,None",0,"None,None,None,None",0,"None,None,None,None",0,"None,None,None,None",0
2025-08-26T17:52:40.691165,16,"None,None,None,None",0,"None,None,None,None",0,"None,None,None,None",0,"None,None,None,None",2
2025-08-26T17:52:40.691165,17,"None,None,None,None",0,"None,None,None,None",0,"None,None,None,None",0,"None,None,None,None",0
2025-08-26T17:52:40.691165,18,"None,None,None,None",0,"None,None,None,None",0,"None,None,None,None",0,"None,None,None,None",0
2025-08-26T17:52:40.691165,19,"None,None,None,None",0,"None,None,None,None",0,"None,None,None,None",0,"None,None,None,None",0
2025-08-26T17:52:40.691165,20,"None,None,None,None",0,"None,None,None,None",0,"None,None,None,None",0,"None,None,None,None",0
2025-08-26T17:52:40.691165,21,"None,None,None,None",0,"None,None,None,None",0,"None,None,None,None",0,"None,None,None,None",0
2025-08-26T17:52:40.691165,22,"None,None,None,None",0,"None,None,None,None",0,"None,None,None,None",0,"None,None,None,None",0
2025-08-26T17:52:40.691165,23,"None,None,None,None",0,"None,None,None,None",0,"None,None,None,None",0,"None,None,None,None",0
2025-08-26T17:52:40.691165,24,"None,None,None,None",0,"None,None,None,None",0,"None,None,None,None",0,"None,None,None,None",0
2025-08-26T17:52:40.691165,25,"None,None,None,None",0,"None,None,None,None",0,"None,None,None,None",0,"None,None,None,None",0
2025-08-26T17:52:40.691165,26,"None,None,None,None",0,"None,None,None,None",0,"None,None,None,None",0,"None,None,None,None",0
2025-08-26T17:52:40.691165,27,"None,None,None,None",0,"None,None,None,None",0,"None,None,None,None",0,"None,None,None,None",0
2025-08-26T17:52:40.691165,28,"None,None,None,None",0,"None,None,None,None",0,"None,None,None,None",0,"None,None,None,None",0
2025-08-26T17:52:40.691165,29,"None,None,None,None",0,"None,None,None,None",0,"None,None,None,None",0,"None,None,None,None",0
2025-08-26T17:52:40.691165,30,"None,None,None,None",0,"None,None,None,None",0,"None,None,None,None",0,"None,None,None,None",0
2025-08-26T17:52:40.691165,31,"None,None,None,None",0,"None,None,None,None",0,"None,None,None,None",0,"None,None,None,None",0
2025-08-26T17:52:40.691165,32,"None,None,None,None",0,"None,None,None,None",0,"None,None,None,None",0,"None,None,None,None",0
